residue	class
1	benign
2	pathological
3	benign
4	pathological
5	benign
6	benign
7	ambiguous
8	benign
9	benign
10	pathological
11	ambiguous
12	ambiguous
13	ambiguous
14	pathological
15	benign
16	pathological
17	benign
18	benign
19	ambiguous
20	ambiguous
21	ambiguous
22	pathological
23	ambiguous
24	ambiguous
25	ambiguous
26	benign
27	benign
28	ambiguous
29	ambiguous
30	pathological
31	pathological
32	ambiguous
33	benign
34	benign
35	ambiguous
36	benign
37	benign
38	pathological
39	pathological
40	ambiguous
41	ambiguous
42	benign
43	ambiguous
44	benign
45	pathological
46	pathological
47	benign
48	ambiguous
49	ambiguous
50	ambiguous
51	pathological
52	benign
53	benign
54	ambiguous
55	benign
56	ambiguous
57	pathological
58	pathological
59	ambiguous
60	benign
61	ambiguous
62	benign
63	ambiguous
64	pathological
65	ambiguous
66	pathological
67	pathological
68	pathological
69	benign
70	benign
71	ambiguous
72	benign
73	benign
74	pathological
75	benign
76	pathological
77	pathological
78	pathological
79	benign
80	ambiguous
81	pathological
82	pathological
83	pathological
84	ambiguous
85	pathological
86	ambiguous
87	ambiguous
88	ambiguous
89	pathological
90	pathological
91	benign
92	pathological
93	ambiguous
94	benign
95	ambiguous
96	ambiguous
97	benign
98	benign
99	ambiguous
100	benign
101	pathological
102	ambiguous
103	ambiguous
104	ambiguous
105	pathological
106	pathological
107	benign
108	benign
109	ambiguous
110	pathological
111	pathological
112	benign
113	benign
114	ambiguous
115	pathological
116	benign
117	ambiguous
118	pathological
119	ambiguous
120	ambiguous
121	benign
122	benign
123	ambiguous
124	benign
125	benign
126	benign
127	ambiguous
128	benign
129	benign
130	ambiguous
131	pathological
132	benign
133	benign
134	pathological
135	pathological
136	benign
137	ambiguous
138	pathological
139	benign
140	benign
141	pathological
142	benign
143	benign
144	benign
145	ambiguous
146	pathological
147	ambiguous
148	pathological
149	pathological
150	ambiguous
151	benign
152	benign
153	benign
154	pathological
155	pathological
156	ambiguous
157	pathological
158	pathological
159	ambiguous
160	ambiguous
161	pathological
162	ambiguous
163	benign
164	benign
165	ambiguous
166	pathological
167	ambiguous
168	pathological
169	ambiguous
170	pathological
171	ambiguous
172	benign
173	ambiguous
174	ambiguous
175	benign
176	benign
177	benign
178	pathological
179	pathological
180	pathological
181	pathological
182	ambiguous
183	ambiguous
184	pathological
185	ambiguous
186	benign
187	pathological
188	benign
189	benign
190	pathological
191	pathological
192	pathological
193	benign
194	benign
195	ambiguous
196	benign
197	ambiguous
198	pathological
199	pathological
200	benign
201	pathological
202	pathological
203	ambiguous
204	pathological
205	ambiguous
206	pathological
207	pathological
208	ambiguous
209	ambiguous
210	benign
211	benign
212	ambiguous
213	pathological
214	ambiguous
215	benign
216	benign
217	benign
218	ambiguous
219	benign
220	benign
221	benign
222	pathological
223	pathological
224	pathological
225	benign
226	pathological
227	benign
228	ambiguous
229	pathological
230	benign
231	pathological
232	ambiguous
233	pathological
234	ambiguous
235	pathological
236	pathological
237	pathological
238	pathological
239	benign
240	ambiguous
241	pathological
242	ambiguous
243	ambiguous
244	ambiguous
245	pathological
246	benign
247	benign
248	benign
249	ambiguous
250	pathological
251	pathological
252	ambiguous
253	benign
254	pathological
255	ambiguous
256	ambiguous
257	pathological
258	ambiguous
259	ambiguous
260	pathological
261	benign
262	benign
263	pathological
264	benign
265	ambiguous
266	benign
267	ambiguous
268	benign
269	pathological
270	benign
271	pathological
272	benign
273	ambiguous
274	pathological
275	benign
276	ambiguous
277	benign
278	benign
279	benign
280	ambiguous
281	benign
282	benign
283	ambiguous
284	ambiguous
285	benign
286	ambiguous
287	pathological
288	pathological
289	benign
290	benign
291	benign
292	ambiguous
293	ambiguous
294	benign
295	pathological
296	ambiguous
297	ambiguous
298	pathological
299	pathological
300	benign
301	ambiguous
302	benign
303	pathological
304	benign
305	pathological
306	pathological
307	ambiguous
308	ambiguous
309	benign
310	benign
311	pathological
312	ambiguous
313	pathological
314	pathological
315	ambiguous
316	benign
317	ambiguous
318	benign
319	pathological
320	benign
321	benign
322	pathological
323	ambiguous
324	pathological
325	ambiguous
326	ambiguous
327	benign
328	ambiguous
329	benign
330	benign
331	ambiguous
332	pathological
333	benign
334	pathological
335	benign
336	benign
337	pathological
338	ambiguous
339	benign
340	pathological
341	ambiguous
342	ambiguous
343	pathological
344	benign
345	benign
346	pathological
347	benign
348	benign
349	pathological
350	pathological
351	pathological
352	pathological
353	benign
354	benign
355	pathological
356	pathological
357	benign
358	ambiguous
359	pathological
360	ambiguous
361	benign
362	pathological
363	ambiguous
364	ambiguous
365	pathological
366	ambiguous
367	benign
368	pathological
369	pathological
370	pathological
371	pathological
372	benign
373	pathological
374	pathological
375	benign
376	pathological
377	ambiguous
378	benign
379	benign
380	ambiguous
381	benign
382	ambiguous
383	ambiguous
384	benign
385	benign
386	ambiguous
387	benign
388	ambiguous
389	ambiguous
390	pathological
391	ambiguous
392	ambiguous
393	pathological
394	benign
395	pathological
396	ambiguous
397	pathological
398	ambiguous
399	ambiguous
400	ambiguous
401	pathological
402	benign
403	ambiguous
404	benign
405	pathological
406	ambiguous
407	benign
408	ambiguous
409	ambiguous
410	benign
411	benign
412	benign
413	benign
414	pathological
415	pathological
416	pathological
417	pathological
418	benign
419	pathological
420	ambiguous
421	benign
422	ambiguous
423	pathological
424	benign
425	benign
426	ambiguous
427	benign
428	benign
429	ambiguous
430	benign
431	benign
432	ambiguous
433	pathological
434	ambiguous
435	pathological
436	benign
437	pathological
438	benign
439	ambiguous
440	benign
441	benign
442	benign
443	benign
444	benign
445	pathological
446	benign
447	pathological
448	benign
449	pathological
450	pathological
451	ambiguous
452	benign
453	pathological
454	benign
455	ambiguous
456	ambiguous
457	benign
458	pathological
459	pathological
460	benign
461	pathological
462	ambiguous
463	pathological
464	benign
465	benign
466	benign
467	ambiguous
468	ambiguous
469	pathological
470	ambiguous
471	pathological
472	benign
473	ambiguous
474	pathological
475	ambiguous
476	benign
477	ambiguous
478	ambiguous
479	ambiguous
480	benign
481	ambiguous
482	pathological
483	ambiguous
484	ambiguous
485	pathological
486	ambiguous
487	benign
488	pathological
489	ambiguous
490	benign
491	ambiguous
492	ambiguous
493	ambiguous
494	ambiguous
495	pathological
496	ambiguous
497	benign
498	ambiguous
499	ambiguous
500	ambiguous
501	ambiguous
502	pathological
503	benign
504	benign
505	benign
506	pathological
507	pathological
508	ambiguous
509	pathological
510	pathological
511	ambiguous
512	benign
513	ambiguous
514	pathological
515	benign
516	pathological
517	ambiguous
518	pathological
519	ambiguous
520	ambiguous
521	ambiguous
522	benign
523	benign
524	pathological
525	benign
526	pathological
527	pathological
528	ambiguous
529	benign
530	benign
531	pathological
532	benign
533	ambiguous
534	pathological
535	benign
536	ambiguous
537	pathological
538	ambiguous
539	pathological
540	ambiguous
541	ambiguous
542	ambiguous
543	pathological
544	ambiguous
545	pathological
546	ambiguous
547	ambiguous
548	pathological
549	ambiguous
550	benign
551	pathological
552	benign
553	ambiguous
554	benign
555	benign
556	benign
557	pathological
558	benign
559	benign
560	pathological
561	benign
562	pathological
563	pathological
564	pathological
565	ambiguous
566	ambiguous
567	ambiguous
568	pathological
569	benign
570	benign
571	ambiguous
572	ambiguous
573	ambiguous
574	ambiguous
575	benign
576	benign
577	pathological
578	benign
579	pathological
580	pathological
581	benign
582	benign
583	benign
584	pathological
585	benign
586	ambiguous
587	benign
588	ambiguous
589	pathological
590	benign
591	benign
592	pathological
593	ambiguous
594	ambiguous
595	benign
596	pathological
597	pathological
598	ambiguous
599	pathological
600	ambiguous
601	benign
602	benign
603	benign
604	ambiguous
605	pathological
606	pathological
607	ambiguous
608	pathological
609	benign
610	pathological
611	ambiguous
612	pathological
613	ambiguous
614	pathological
615	pathological
616	benign
617	ambiguous
618	ambiguous
619	pathological
620	benign
621	pathological
622	benign
623	pathological
624	pathological
625	benign
626	benign
627	ambiguous
628	benign
629	pathological
630	benign
631	benign
632	benign
633	benign
634	pathological
635	pathological
636	pathological
637	benign
638	ambiguous
639	pathological
640	ambiguous
641	pathological
642	ambiguous
643	benign
644	pathological
645	pathological
646	pathological
647	benign
648	benign
649	ambiguous
650	pathological
651	benign
652	pathological
653	benign
654	benign
655	benign
656	ambiguous
657	ambiguous
658	ambiguous
659	benign
660	pathological
661	ambiguous
662	pathological
663	benign
664	benign
665	ambiguous
666	benign
667	ambiguous
668	pathological
669	ambiguous
670	benign
671	ambiguous
672	benign
673	pathological
674	benign
675	benign
676	pathological
677	ambiguous
678	pathological
679	ambiguous
680	benign
681	ambiguous
682	benign
683	benign
684	ambiguous
685	pathological
686	ambiguous
687	benign
688	benign
689	pathological
690	pathological
691	benign
692	benign
693	ambiguous
694	pathological
695	pathological
696	pathological
697	benign
698	ambiguous
699	pathological
700	pathological
701	pathological
702	pathological
703	ambiguous
704	ambiguous
705	ambiguous
706	pathological
707	ambiguous
708	ambiguous
709	benign
710	benign
711	benign
712	ambiguous
713	benign
714	benign
715	benign
716	benign
717	ambiguous
718	ambiguous
719	ambiguous
720	ambiguous
721	benign
722	pathological
723	ambiguous
724	benign
725	benign
726	benign
727	pathological
728	pathological
729	benign
730	benign
731	benign
732	ambiguous
733	pathological
734	pathological
735	pathological
736	benign
737	ambiguous
738	benign
739	benign
740	pathological
741	ambiguous
742	ambiguous
743	benign
744	benign
745	ambiguous
746	ambiguous
747	pathological
748	ambiguous
749	pathological
750	benign
751	pathological
752	ambiguous
753	benign
754	benign
755	benign
756	ambiguous
757	ambiguous
758	pathological
759	ambiguous
760	ambiguous
761	ambiguous
762	benign
763	pathological
764	ambiguous
765	ambiguous
766	pathological
767	benign
768	pathological
769	ambiguous
770	benign
771	benign
772	pathological
773	benign
774	ambiguous
775	pathological
776	pathological
777	ambiguous
778	benign
779	pathological
780	pathological
781	benign
782	benign
783	benign
784	ambiguous
785	benign
786	ambiguous
787	benign
788	ambiguous
789	benign
790	pathological
791	pathological
792	pathological
793	ambiguous
794	ambiguous
795	pathological
796	benign
797	pathological
798	ambiguous
799	benign
800	ambiguous
801	benign
802	benign
803	ambiguous
804	ambiguous
805	ambiguous
806	ambiguous
807	benign
808	ambiguous
809	pathological
810	ambiguous
811	pathological
812	benign
813	benign
814	ambiguous
815	pathological
816	ambiguous
817	benign
818	ambiguous
819	ambiguous
820	ambiguous
821	pathological
822	benign
823	pathological
824	ambiguous
825	benign
826	benign
827	ambiguous
828	benign
829	ambiguous
830	benign
831	ambiguous
832	benign
833	ambiguous
834	benign
835	benign
836	benign
837	pathological
838	pathological
839	ambiguous
840	ambiguous
841	benign
842	benign
843	benign
844	ambiguous
845	ambiguous
846	ambiguous
847	benign
848	benign
849	ambiguous
850	benign
851	benign
852	ambiguous
853	benign
854	ambiguous
855	benign
856	benign
857	benign
858	pathological
859	ambiguous
860	ambiguous
861	pathological
862	benign
863	benign
864	pathological
865	pathological
866	benign
867	pathological
868	ambiguous
869	benign
870	pathological
871	pathological
872	ambiguous
873	benign
874	ambiguous
875	ambiguous
876	pathological
877	ambiguous
878	pathological
879	pathological
880	benign
881	pathological
882	ambiguous
883	pathological
884	ambiguous
885	pathological
886	pathological
887	ambiguous
888	benign
889	pathological
890	ambiguous
891	ambiguous
892	benign
893	benign
894	benign
895	ambiguous
896	pathological
897	benign
898	ambiguous
899	pathological
900	ambiguous
901	benign
902	ambiguous
903	benign
904	ambiguous
905	benign
906	benign
907	pathological
908	pathological
909	ambiguous
910	benign
911	pathological
912	ambiguous
913	benign
914	ambiguous
915	benign
916	benign
917	pathological
918	ambiguous
919	pathological
920	pathological
921	ambiguous
922	ambiguous
923	pathological
924	benign
925	pathological
926	ambiguous
927	ambiguous
928	benign
929	pathological
930	pathological
931	benign
932	benign
933	benign
934	ambiguous
935	benign
936	benign
937	benign
938	pathological
939	ambiguous
940	benign
941	pathological
942	benign
943	benign
944	ambiguous
945	ambiguous
946	ambiguous
947	benign
948	benign
949	benign
950	ambiguous
951	ambiguous
952	ambiguous
953	pathological
954	ambiguous
955	pathological
956	benign
957	benign
958	benign
959	benign
960	benign
961	benign
962	ambiguous
963	benign
964	benign
965	pathological
966	benign
967	ambiguous
968	ambiguous
969	benign
970	ambiguous
971	pathological
972	benign
973	pathological
974	benign
975	pathological
976	pathological
977	pathological
978	pathological
979	pathological
980	pathological
981	pathological
982	benign
983	benign
984	pathological
985	ambiguous
986	ambiguous
987	pathological
988	ambiguous
989	pathological
990	benign
991	ambiguous
992	pathological
993	benign
994	ambiguous
995	benign
996	benign
997	ambiguous
998	ambiguous
999	benign
1000	ambiguous
1001	pathological
1002	ambiguous
1003	pathological
1004	pathological
1005	benign
1006	pathological
1007	ambiguous
1008	benign
1009	ambiguous
1010	benign
1011	benign
1012	benign
1013	benign
1014	benign
1015	ambiguous
1016	benign
1017	pathological
1018	pathological
1019	benign
1020	benign
1021	benign
1022	benign
1023	ambiguous
1024	ambiguous
1025	pathological
1026	ambiguous
1027	benign
1028	pathological
1029	benign
1030	pathological
1031	pathological
1032	pathological
1033	benign
1034	ambiguous
1035	benign
1036	ambiguous
1037	benign
1038	benign
1039	benign
1040	ambiguous
1041	pathological
1042	pathological
1043	pathological
1044	benign
1045	benign
1046	pathological
1047	benign
1048	benign
1049	ambiguous
1050	benign
1051	ambiguous
1052	ambiguous
1053	pathological
1054	benign
1055	benign
1056	ambiguous
1057	pathological
1058	benign
1059	pathological
1060	ambiguous
1061	ambiguous
1062	benign
1063	ambiguous
1064	benign
1065	benign
1066	pathological
1067	pathological
1068	ambiguous
1069	ambiguous
1070	ambiguous
1071	pathological
1072	benign
1073	pathological
1074	benign
1075	pathological
1076	benign
1077	pathological
1078	ambiguous
1079	pathological
1080	benign
1081	pathological
1082	pathological
1083	ambiguous
1084	pathological
1085	pathological
1086	ambiguous
1087	ambiguous
1088	ambiguous
1089	ambiguous
1090	pathological
1091	ambiguous
1092	ambiguous
1093	pathological
1094	ambiguous
1095	pathological
1096	benign
1097	ambiguous
1098	pathological
1099	pathological
1100	benign
1101	ambiguous
1102	ambiguous
1103	ambiguous
1104	benign
1105	benign
1106	benign
1107	ambiguous
1108	benign
1109	pathological
1110	ambiguous
1111	pathological
1112	benign
1113	ambiguous
1114	ambiguous
1115	benign
1116	pathological
1117	ambiguous
1118	ambiguous
1119	ambiguous
1120	ambiguous
1121	benign
1122	pathological
1123	benign
1124	benign
1125	pathological
1126	benign
1127	ambiguous
1128	benign
1129	ambiguous
1130	benign
1131	benign
1132	benign
1133	ambiguous
1134	benign
1135	benign
1136	benign
1137	ambiguous
1138	benign
1139	ambiguous
1140	pathological
1141	ambiguous
1142	pathological
1143	ambiguous
1144	ambiguous
1145	benign
1146	pathological
1147	pathological
1148	ambiguous
1149	pathological
1150	pathological
1151	ambiguous
1152	pathological
1153	benign
1154	benign
1155	ambiguous
1156	benign
1157	pathological
1158	ambiguous
1159	benign
1160	pathological
1161	benign
1162	benign
1163	pathological
1164	ambiguous
1165	pathological
1166	benign
1167	ambiguous
1168	benign
1169	ambiguous
1170	benign
1171	pathological
1172	ambiguous
1173	pathological
1174	benign
1175	benign
1176	ambiguous
1177	pathological
1178	ambiguous
1179	benign
1180	pathological
1181	ambiguous
1182	pathological
1183	pathological
1184	pathological
1185	ambiguous
1186	ambiguous
1187	benign
1188	ambiguous
1189	benign
1190	pathological
1191	pathological
1192	benign
1193	pathological
1194	benign
1195	benign
1196	pathological
1197	ambiguous
1198	pathological
1199	pathological
1200	pathological
1201	ambiguous
1202	pathological
1203	pathological
1204	ambiguous
1205	ambiguous
1206	pathological
1207	benign
1208	benign
1209	pathological
1210	benign
1211	pathological
1212	ambiguous
1213	pathological
1214	benign
1215	pathological
1216	pathological
1217	ambiguous
1218	ambiguous
1219	pathological
1220	ambiguous
1221	ambiguous
1222	benign
1223	ambiguous
1224	benign
1225	benign
1226	benign
1227	ambiguous
1228	ambiguous
1229	benign
1230	pathological
1231	ambiguous
1232	pathological
1233	pathological
1234	benign
1235	ambiguous
1236	ambiguous
1237	benign
1238	ambiguous
1239	pathological
1240	ambiguous
1241	pathological
1242	pathological
1243	ambiguous
1244	benign
1245	pathological
1246	benign
1247	benign
1248	benign
1249	benign
1250	pathological
1251	pathological
1252	pathological
1253	ambiguous
1254	pathological
1255	pathological
1256	ambiguous
1257	ambiguous
1258	pathological
1259	pathological
1260	benign
1261	ambiguous
1262	benign
1263	benign
1264	ambiguous
1265	benign
1266	ambiguous
1267	ambiguous
1268	pathological
1269	benign
1270	ambiguous
1271	ambiguous
1272	benign
1273	ambiguous
1274	ambiguous
1275	benign
1276	benign
1277	ambiguous
1278	ambiguous
1279	benign
1280	benign
1281	pathological
1282	ambiguous
1283	benign
1284	pathological
1285	benign
1286	pathological
1287	pathological
1288	ambiguous
1289	benign
1290	pathological
1291	ambiguous
1292	pathological
1293	benign
1294	pathological
1295	benign
1296	pathological
1297	pathological
1298	pathological
1299	benign
1300	ambiguous
1301	pathological
1302	ambiguous
1303	ambiguous
1304	benign
1305	pathological
1306	benign
1307	benign
1308	benign
1309	pathological
1310	pathological
1311	benign
1312	ambiguous
1313	ambiguous
1314	benign
1315	pathological
1316	pathological
1317	pathological
1318	pathological
1319	ambiguous
1320	benign
1321	pathological
1322	pathological
1323	pathological
1324	benign
1325	pathological
1326	ambiguous
1327	benign
1328	benign
1329	ambiguous
1330	pathological
1331	benign
1332	pathological
1333	pathological
1334	pathological
1335	benign
1336	ambiguous
1337	pathological
1338	ambiguous
1339	benign
1340	ambiguous
1341	ambiguous
1342	benign
1343	ambiguous
1344	pathological
1345	ambiguous
1346	pathological
1347	pathological
1348	pathological
1349	pathological
1350	ambiguous
1351	ambiguous
1352	pathological
1353	ambiguous
1354	pathological
1355	pathological
1356	pathological
1357	ambiguous
1358	pathological
1359	benign
1360	benign
1361	benign
1362	pathological
1363	pathological
1364	pathological
1365	pathological
1366	benign
1367	ambiguous
1368	ambiguous
1369	ambiguous
1370	benign
1371	ambiguous
1372	benign
1373	pathological
1374	ambiguous
1375	ambiguous
1376	ambiguous
1377	benign
1378	benign
1379	benign
1380	benign
1381	benign
1382	pathological
1383	benign
1384	benign
1385	pathological
1386	pathological
1387	ambiguous
1388	ambiguous
1389	benign
1390	pathological
1391	benign
1392	pathological
1393	ambiguous
1394	benign
1395	benign
1396	pathological
1397	pathological
1398	ambiguous
1399	benign
1400	pathological
1401	ambiguous
1402	benign
1403	pathological
1404	ambiguous
1405	benign
1406	ambiguous
1407	ambiguous
1408	ambiguous
1409	benign
1410	ambiguous
1411	pathological
1412	ambiguous
1413	benign
1414	ambiguous
1415	ambiguous
1416	pathological
1417	benign
1418	ambiguous
1419	ambiguous
1420	pathological
1421	ambiguous
1422	pathological
1423	benign
1424	ambiguous
1425	ambiguous
1426	benign
1427	benign
1428	pathological
1429	ambiguous
1430	ambiguous
1431	ambiguous
1432	pathological
1433	benign
1434	ambiguous
1435	pathological
1436	benign
1437	pathological
1438	benign
1439	benign
1440	pathological
1441	ambiguous
1442	pathological
1443	ambiguous
1444	ambiguous
1445	benign
1446	pathological
1447	ambiguous
1448	pathological
1449	pathological
1450	benign
1451	ambiguous
1452	benign
1453	benign
1454	pathological
1455	ambiguous
1456	ambiguous
1457	benign
1458	pathological
1459	pathological
1460	benign
1461	benign
1462	benign
1463	ambiguous
1464	ambiguous
1465	pathological
1466	pathological
1467	pathological
1468	ambiguous
1469	pathological
1470	ambiguous
1471	ambiguous
1472	pathological
1473	benign
1474	benign
1475	benign
1476	benign
1477	pathological
1478	benign
1479	pathological
1480	pathological
1481	benign
1482	benign
1483	benign
1484	pathological
1485	benign
1486	pathological
1487	pathological
1488	ambiguous
1489	benign
1490	ambiguous
1491	benign
1492	ambiguous
1493	ambiguous
1494	pathological
1495	ambiguous
1496	benign
1497	pathological
1498	benign
1499	benign
1500	benign
1501	ambiguous
1502	pathological
1503	benign
1504	ambiguous
1505	benign
1506	benign
1507	pathological
1508	ambiguous
1509	ambiguous
1510	ambiguous
1511	pathological
1512	pathological
1513	pathological
1514	pathological
1515	ambiguous
1516	pathological
1517	ambiguous
1518	benign
1519	pathological
1520	benign
1521	ambiguous
1522	benign
1523	pathological
1524	pathological
1525	pathological
1526	ambiguous
1527	benign
1528	pathological
1529	ambiguous
1530	ambiguous
1531	pathological
1532	pathological
1533	ambiguous
1534	pathological
1535	ambiguous
1536	benign
1537	ambiguous
1538	ambiguous
1539	pathological
1540	pathological
1541	pathological
1542	ambiguous
1543	ambiguous
1544	ambiguous
1545	pathological
1546	benign
1547	benign
1548	benign
1549	benign
1550	benign
1551	pathological
1552	pathological
1553	ambiguous
1554	pathological
1555	ambiguous
1556	benign
1557	ambiguous
1558	pathological
1559	pathological
1560	pathological
1561	ambiguous
1562	ambiguous
1563	benign
1564	ambiguous
1565	ambiguous
1566	benign
1567	benign
1568	benign
1569	ambiguous
1570	pathological
1571	ambiguous
1572	benign
1573	pathological
1574	pathological
1575	ambiguous
1576	benign
1577	ambiguous
1578	ambiguous
1579	pathological
1580	pathological
1581	pathological
1582	ambiguous
1583	pathological
1584	benign
1585	ambiguous
1586	pathological
1587	ambiguous
1588	benign
1589	benign
1590	benign
1591	pathological
1592	pathological
1593	pathological
1594	ambiguous
1595	pathological
1596	ambiguous
1597	pathological
1598	ambiguous
1599	pathological
1600	benign
1601	pathological
1602	benign
1603	ambiguous
1604	pathological
1605	ambiguous
1606	ambiguous
1607	pathological
1608	pathological
1609	benign
1610	benign
1611	pathological
1612	pathological
1613	ambiguous
1614	pathological
1615	ambiguous
1616	pathological
1617	pathological
1618	pathological
1619	benign
1620	benign
1621	benign
1622	benign
1623	pathological
1624	pathological
1625	benign
1626	pathological
1627	pathological
1628	benign
1629	benign
1630	benign
1631	pathological
1632	ambiguous
1633	benign
1634	benign
1635	benign
1636	benign
1637	pathological
1638	ambiguous
1639	benign
1640	benign
1641	benign
1642	benign
1643	benign
1644	pathological
1645	ambiguous
1646	ambiguous
1647	pathological
1648	ambiguous
1649	pathological
1650	ambiguous
1651	benign
1652	pathological
1653	pathological
1654	ambiguous
1655	ambiguous
1656	ambiguous
1657	benign
1658	ambiguous
1659	pathological
1660	ambiguous
1661	benign
1662	ambiguous
1663	pathological
1664	benign
1665	pathological
1666	pathological
1667	ambiguous
1668	benign
1669	ambiguous
1670	ambiguous
1671	ambiguous
1672	ambiguous
1673	benign
1674	pathological
1675	benign
1676	ambiguous
1677	benign
1678	ambiguous
1679	benign
1680	benign
1681	pathological
1682	pathological
1683	benign
1684	pathological
1685	pathological
1686	ambiguous
1687	ambiguous
1688	ambiguous
1689	pathological
1690	ambiguous
1691	pathological
1692	benign
1693	benign
1694	benign
1695	benign
1696	ambiguous
1697	ambiguous
1698	pathological
1699	pathological
1700	ambiguous
1701	pathological
1702	benign
1703	benign
1704	ambiguous
1705	benign
1706	ambiguous
1707	pathological
1708	ambiguous
1709	pathological
1710	benign
1711	ambiguous
1712	pathological
1713	pathological
1714	ambiguous
1715	benign
1716	pathological
1717	pathological
1718	pathological
1719	pathological
1720	benign
1721	benign
1722	benign
1723	pathological
1724	benign
1725	ambiguous
1726	pathological
1727	pathological
1728	ambiguous
1729	ambiguous
1730	ambiguous
1731	pathological
1732	pathological
1733	ambiguous
1734	ambiguous
1735	pathological
1736	pathological
1737	pathological
1738	ambiguous
1739	ambiguous
1740	benign
1741	benign
1742	benign
1743	benign
1744	ambiguous
1745	benign
1746	ambiguous
1747	benign
1748	benign
1749	benign
1750	benign
1751	ambiguous
1752	benign
1753	pathological
1754	pathological
1755	pathological
1756	benign
1757	ambiguous
1758	pathological
1759	ambiguous
1760	ambiguous
1761	pathological
1762	ambiguous
1763	benign
1764	ambiguous
1765	ambiguous
1766	ambiguous
1767	ambiguous
1768	benign
1769	ambiguous
1770	benign
1771	pathological
1772	ambiguous
1773	ambiguous
1774	ambiguous
1775	ambiguous
1776	benign
1777	ambiguous
1778	ambiguous
1779	pathological
1780	benign
1781	ambiguous
1782	benign
1783	ambiguous
1784	pathological
1785	benign
1786	benign
1787	benign
1788	ambiguous
1789	benign
1790	pathological
1791	benign
1792	pathological
1793	ambiguous
1794	pathological
1795	ambiguous
1796	ambiguous
1797	benign
1798	pathological
1799	benign
1800	ambiguous
1801	benign
1802	ambiguous
1803	pathological
1804	pathological
1805	benign
1806	pathological
1807	pathological
1808	pathological
1809	ambiguous
1810	ambiguous
1811	ambiguous
1812	benign
1813	pathological
1814	pathological
1815	ambiguous
1816	benign
1817	pathological
1818	ambiguous
1819	pathological
1820	ambiguous
1821	ambiguous
1822	pathological
1823	benign
1824	ambiguous
1825	pathological
1826	ambiguous
1827	ambiguous
1828	benign
1829	ambiguous
1830	ambiguous
1831	benign
1832	pathological
1833	ambiguous
1834	benign
1835	ambiguous
1836	ambiguous
1837	pathological
1838	ambiguous
1839	ambiguous
1840	pathological
1841	pathological
1842	pathological
1843	ambiguous
1844	benign
1845	ambiguous
1846	benign
1847	benign
1848	ambiguous
1849	benign
1850	pathological
1851	benign
1852	benign
1853	pathological
1854	benign
1855	pathological
1856	pathological
1857	ambiguous
1858	benign
1859	ambiguous
1860	pathological
1861	pathological
1862	pathological
1863	pathological
1864	pathological
1865	ambiguous
1866	pathological
1867	pathological
1868	ambiguous
1869	ambiguous
1870	benign
1871	benign
1872	benign
1873	benign
1874	ambiguous
1875	benign
1876	ambiguous
1877	pathological
1878	ambiguous
1879	benign
1880	benign
1881	ambiguous
1882	benign
1883	benign
1884	benign
1885	pathological
1886	benign
1887	pathological
1888	benign
1889	ambiguous
1890	ambiguous
1891	ambiguous
1892	benign
1893	pathological
1894	pathological
1895	pathological
1896	ambiguous
1897	pathological
1898	benign
1899	benign
1900	benign
1901	pathological
1902	ambiguous
1903	ambiguous
1904	pathological
1905	benign
1906	pathological
1907	benign
1908	benign
1909	ambiguous
1910	ambiguous
1911	ambiguous
1912	pathological
1913	benign
1914	pathological
1915	benign
1916	benign
1917	ambiguous
1918	pathological
1919	ambiguous
1920	ambiguous
1921	benign
1922	ambiguous
1923	pathological
1924	benign
1925	benign
1926	ambiguous
1927	benign
1928	ambiguous
1929	ambiguous
1930	benign
1931	benign
1932	benign
1933	pathological
1934	ambiguous
1935	ambiguous
1936	benign
1937	benign
1938	benign
1939	pathological
1940	benign
1941	pathological
1942	ambiguous
1943	ambiguous
1944	ambiguous
1945	pathological
1946	pathological
1947	pathological
1948	benign
1949	benign
1950	pathological
1951	benign
1952	pathological
1953	pathological
1954	ambiguous
1955	ambiguous
1956	pathological
1957	pathological
1958	benign
1959	benign
1960	ambiguous
1961	ambiguous
1962	ambiguous
1963	ambiguous
1964	pathological
1965	benign
1966	benign
1967	pathological
1968	pathological
1969	ambiguous
1970	benign
1971	pathological
1972	benign
1973	pathological
1974	benign
1975	ambiguous
1976	benign
1977	ambiguous
1978	benign
1979	pathological
1980	benign
1981	ambiguous
1982	pathological
1983	pathological
1984	pathological
1985	benign
1986	ambiguous
1987	ambiguous
1988	ambiguous
1989	ambiguous
1990	ambiguous
1991	ambiguous
1992	pathological
1993	ambiguous
1994	pathological
1995	benign
1996	pathological
1997	ambiguous
1998	ambiguous
1999	ambiguous
2000	benign
2001	pathological
2002	ambiguous
2003	benign
2004	benign
2005	benign
2006	benign
2007	benign
2008	pathological
2009	benign
2010	pathological
2011	benign
2012	pathological
2013	benign
2014	ambiguous
2015	pathological
2016	benign
2017	benign
2018	benign
2019	benign
2020	pathological
2021	ambiguous
2022	pathological
2023	pathological
2024	benign
2025	benign
2026	pathological
2027	ambiguous
2028	ambiguous
2029	ambiguous
2030	pathological
2031	pathological
2032	pathological
2033	ambiguous
2034	ambiguous
2035	benign
2036	pathological
2037	pathological
2038	benign
2039	benign
2040	pathological
2041	ambiguous
2042	pathological
2043	ambiguous
2044	ambiguous
2045	benign
2046	ambiguous
2047	benign
2048	pathological
2049	pathological
2050	ambiguous
2051	pathological
2052	pathological
2053	pathological
2054	pathological
2055	ambiguous
2056	pathological
2057	ambiguous
2058	benign
2059	benign
2060	pathological
2061	pathological
2062	pathological
2063	pathological
2064	pathological
2065	benign
2066	benign
2067	pathological
2068	pathological
2069	ambiguous
2070	ambiguous
2071	benign
2072	benign
2073	ambiguous
2074	pathological
2075	pathological
2076	pathological
2077	ambiguous
2078	ambiguous
2079	benign
2080	pathological
2081	pathological
2082	ambiguous
2083	ambiguous
2084	benign
2085	pathological
2086	ambiguous
2087	ambiguous
2088	ambiguous
2089	pathological
2090	ambiguous
2091	pathological
2092	pathological
2093	ambiguous
2094	benign
2095	ambiguous
2096	benign
2097	pathological
2098	ambiguous
2099	ambiguous
2100	pathological
2101	pathological
2102	benign
2103	pathological
2104	ambiguous
2105	ambiguous
2106	benign
2107	ambiguous
2108	pathological
2109	ambiguous
2110	pathological
2111	pathological
2112	pathological
2113	pathological
2114	pathological
2115	pathological
2116	pathological
2117	pathological
2118	pathological
2119	benign
2120	ambiguous
2121	pathological
2122	pathological
2123	pathological
2124	benign
2125	benign
2126	pathological
2127	ambiguous
2128	ambiguous
2129	pathological
2130	benign
2131	benign
2132	pathological
2133	benign
2134	pathological
2135	pathological
2136	benign
2137	pathological
2138	benign
2139	ambiguous
2140	ambiguous
2141	benign
2142	benign
2143	benign
2144	benign
2145	ambiguous
2146	ambiguous
2147	benign
2148	benign
2149	ambiguous
2150	pathological
2151	pathological
2152	pathological
2153	benign
2154	pathological
2155	ambiguous
2156	pathological
2157	ambiguous
2158	ambiguous
2159	pathological
2160	pathological
2161	ambiguous
2162	ambiguous
2163	ambiguous
2164	ambiguous
2165	ambiguous
2166	ambiguous
2167	benign
2168	ambiguous
2169	benign
2170	ambiguous
2171	ambiguous
2172	ambiguous
2173	benign
2174	pathological
2175	pathological
2176	benign
2177	ambiguous
2178	benign
2179	pathological
2180	benign
2181	benign
2182	ambiguous
2183	pathological
2184	ambiguous
2185	pathological
2186	pathological
2187	ambiguous
2188	ambiguous
2189	benign
2190	ambiguous
2191	pathological
2192	ambiguous
2193	pathological
2194	benign
2195	pathological
2196	pathological
2197	pathological
2198	benign
2199	pathological
2200	pathological
2201	pathological
2202	ambiguous
2203	pathological
2204	pathological
2205	benign
2206	pathological
2207	ambiguous
2208	benign
2209	benign
2210	ambiguous
2211	pathological
2212	benign
2213	ambiguous
2214	pathological
2215	pathological
2216	pathological
2217	benign
2218	benign
2219	pathological
2220	benign
2221	benign
2222	benign
2223	pathological
2224	pathological
2225	ambiguous
2226	benign
2227	benign
2228	pathological
2229	benign
2230	benign
2231	benign
2232	ambiguous
2233	pathological
2234	benign
2235	ambiguous
2236	pathological
2237	benign
2238	benign
2239	ambiguous
2240	benign
2241	benign
2242	ambiguous
2243	ambiguous
2244	pathological
2245	ambiguous
2246	pathological
2247	benign
2248	benign
2249	pathological
2250	ambiguous
2251	benign
2252	pathological
2253	benign
2254	ambiguous
2255	benign
2256	ambiguous
2257	ambiguous
2258	ambiguous
2259	pathological
2260	ambiguous
2261	pathological
2262	ambiguous
2263	pathological
2264	pathological
2265	ambiguous
2266	ambiguous
2267	ambiguous
2268	benign
2269	pathological
2270	pathological
2271	ambiguous
2272	benign
2273	ambiguous
2274	pathological
2275	benign
2276	pathological
2277	benign
2278	pathological
2279	pathological
2280	pathological
2281	pathological
2282	pathological
2283	pathological
2284	pathological
2285	pathological
2286	ambiguous
2287	benign
2288	benign
2289	ambiguous
2290	ambiguous
2291	benign
2292	benign
2293	benign
2294	benign
2295	pathological
2296	ambiguous
2297	benign
2298	benign
2299	ambiguous
2300	ambiguous
2301	ambiguous
2302	benign
2303	pathological
2304	ambiguous
2305	benign
2306	pathological
2307	ambiguous
2308	benign
2309	benign
2310	benign
2311	ambiguous
2312	benign
2313	pathological
2314	benign
2315	ambiguous
2316	ambiguous
2317	pathological
2318	pathological
2319	ambiguous
2320	ambiguous
2321	benign
2322	pathological
2323	benign
2324	pathological
2325	benign
2326	ambiguous
2327	ambiguous
2328	pathological
2329	benign
2330	pathological
2331	ambiguous
2332	benign
2333	pathological
2334	ambiguous
2335	benign
2336	ambiguous
2337	benign
2338	ambiguous
2339	ambiguous
2340	benign
2341	ambiguous
2342	benign
2343	ambiguous
2344	pathological
2345	benign
2346	pathological
2347	ambiguous
2348	ambiguous
2349	benign
2350	pathological
2351	pathological
2352	ambiguous
2353	pathological
2354	pathological
2355	benign
2356	benign
2357	benign
2358	benign
2359	ambiguous
2360	benign
2361	pathological
2362	pathological
2363	ambiguous
2364	pathological
2365	pathological
2366	pathological
2367	benign
2368	ambiguous
2369	benign
2370	benign
2371	ambiguous
2372	benign
2373	benign
2374	pathological
2375	ambiguous
2376	benign
2377	ambiguous
2378	ambiguous
2379	benign
2380	pathological
2381	benign
2382	pathological
2383	ambiguous
2384	benign
2385	ambiguous
2386	ambiguous
2387	ambiguous
2388	pathological
2389	benign
2390	ambiguous
2391	ambiguous
2392	benign
2393	pathological
2394	benign
2395	ambiguous
2396	pathological
2397	benign
2398	benign
2399	benign
2400	pathological
2401	ambiguous
2402	benign
2403	pathological
2404	pathological
2405	ambiguous
2406	benign
2407	pathological
2408	pathological
2409	benign
2410	ambiguous
2411	ambiguous
2412	benign
2413	ambiguous
2414	pathological
2415	pathological
2416	benign
2417	pathological
2418	ambiguous
2419	ambiguous
2420	ambiguous
2421	ambiguous
2422	ambiguous
2423	ambiguous
2424	ambiguous
2425	benign
2426	benign
2427	ambiguous
2428	ambiguous
2429	pathological
2430	ambiguous
2431	benign
2432	benign
2433	pathological
2434	pathological
2435	pathological
2436	pathological
2437	pathological
2438	ambiguous
2439	benign
2440	benign
2441	pathological
2442	pathological
2443	ambiguous
2444	ambiguous
2445	pathological
2446	pathological
2447	ambiguous
2448	pathological
2449	pathological
2450	pathological
2451	pathological
2452	pathological
2453	ambiguous
2454	benign
2455	benign
2456	benign
2457	pathological
2458	benign
2459	benign
2460	pathological
2461	benign
2462	pathological
2463	benign
2464	benign
2465	pathological
2466	ambiguous
2467	pathological
2468	ambiguous
2469	ambiguous
2470	benign
2471	pathological
2472	pathological
2473	benign
2474	benign
2475	benign
2476	ambiguous
2477	benign
2478	ambiguous
2479	pathological
2480	pathological
2481	benign
2482	benign
2483	benign
2484	pathological
2485	ambiguous
2486	pathological
2487	benign
2488	ambiguous
2489	benign
2490	ambiguous
2491	benign
2492	ambiguous
2493	benign
2494	ambiguous
2495	pathological
2496	ambiguous
2497	benign
2498	benign
2499	ambiguous
