M1A,0.3403,ambiguous
M1C,0.4924,ambiguous
M1D,0.8561,pathogenic
M1E,0.5539,ambiguous
M1F,0.2409,benign
M1G,0.5482,ambiguous
M1H,0.6358,pathogenic
M1I,0.3612,ambiguous
M1K,0.3678,ambiguous
M1L,0.1814,benign
M1N,0.6353,pathogenic
M1P,0.5096,ambiguous
M1Q,0.2949,benign
M1R,0.3375,benign
M1S,0.4417,ambiguous
M1T,0.308,benign
M1V,0.0961,benign
M1W,0.4139,ambiguous
M1Y,0.5782,pathogenic
A2C,0.4194,ambiguous
A2D,0.1745,benign
A2E,0.2507,benign
A2F,0.2407,benign
A2G,0.0907,benign
A2H,0.399,ambiguous
A2I,0.338,benign
A2K,0.4129,ambiguous
A2L,0.1742,benign
A2M,0.3991,ambiguous
A2N,0.2119,benign
A2P,0.1183,benign
A2Q,0.3122,benign
A2R,0.3017,benign
A2S,0.0969,benign
A2T,0.1404,benign
A2V,0.226,benign
A2W,0.5367,ambiguous
A2Y,0.3547,ambiguous
W3A,0.1924,benign
W3C,0.3328,benign
W3D,0.4773,ambiguous
W3E,0.4143,ambiguous
W3F,0.1281,benign
W3G,0.1088,benign
W3H,0.517,ambiguous
W3I,0.2754,benign
W3K,0.507,ambiguous
W3L,0.1599,benign
W3M,0.3413,ambiguous
W3N,0.4966,ambiguous
W3P,0.4451,ambiguous
W3Q,0.4307,ambiguous
W3R,0.3628,ambiguous
W3S,0.1579,benign
W3T,0.204,benign
W3V,0.2086,benign
W3Y,0.341,ambiguous
T4A,0.0896,benign
T4C,0.3486,ambiguous
T4D,0.3293,benign
T4E,0.2562,benign
T4F,0.1168,benign
T4G,0.182,benign
T4H,0.1817,benign
T4I,0.0957,benign
T4K,0.1562,benign
T4L,0.0856,benign
T4M,0.0981,benign
T4N,0.1206,benign
T4P,0.1005,benign
T4Q,0.1861,benign
T4R,0.1495,benign
T4S,0.1203,benign
T4V,0.1348,benign
T4W,0.302,benign
T4Y,0.1722,benign
P5A,0.0665,benign
P5C,0.2109,benign
P5D,0.3124,benign
P5E,0.2299,benign
P5F,0.161,benign
P5G,0.1519,benign
P5H,0.1208,benign
P5I,0.115,benign
P5K,0.2034,benign
P5L,0.0709,benign
P5M,0.1888,benign
P5N,0.2284,benign
P5Q,0.1248,benign
P5R,0.1197,benign
P5S,0.0866,benign
P5T,0.0751,benign
P5V,0.0989,benign
P5W,0.2235,benign
P5Y,0.1837,benign
P6A,0.0683,benign
P6C,0.1689,benign
P6D,0.3129,benign
P6E,0.2378,benign
P6F,0.1163,benign
P6G,0.1429,benign
P6H,0.1259,benign
P6I,0.0976,benign
P6K,0.248,benign
P6L,0.0518,benign
P6M,0.1682,benign
P6N,0.2237,benign
P6Q,0.1242,benign
P6R,0.1274,benign
P6S,0.087,benign
P6T,0.0835,benign
P6V,0.0803,benign
P6W,0.1797,benign
P6Y,0.1813,benign
L7A,0.2055,benign
L7C,0.3579,ambiguous
L7D,0.6007,pathogenic
L7E,0.4,ambiguous
L7F,0.0922,benign
L7G,0.3191,benign
L7H,0.283,benign
L7I,0.1072,benign
L7K,0.3823,ambiguous
L7M,0.1694,benign
L7N,0.4221,ambiguous
L7P,0.152,benign
L7Q,0.2323,benign
L7R,0.2311,benign
L7S,0.2663,benign
L7T,0.2564,benign
L7V,0.1008,benign
L7W,0.1927,benign
L7Y,0.3021,benign
L8A,0.1363,benign
L8C,0.355,ambiguous
L8D,0.5508,ambiguous
L8E,0.3776,ambiguous
L8F,0.1045,benign
L8G,0.2602,benign
L8H,0.2635,benign
L8I,0.1247,benign
L8K,0.367,ambiguous
L8M,0.1533,benign
L8N,0.3983,ambiguous
L8P,0.0962,benign
L8Q,0.2096,benign
L8R,0.2128,benign
L8S,0.2183,benign
L8T,0.1552,benign
L8V,0.11,benign
L8W,0.1705,benign
L8Y,0.3312,benign
V9A,0.1115,benign
V9C,0.3552,ambiguous
V9D,0.2932,benign
V9E,0.3093,benign
V9F,0.0698,benign
V9G,0.1029,benign
V9H,0.3243,benign
V9I,0.0781,benign
V9K,0.3639,ambiguous
V9L,0.0569,benign
V9M,0.1478,benign
V9N,0.2311,benign
V9P,0.136,benign
V9Q,0.2608,benign
V9R,0.2589,benign
V9S,0.1426,benign
V9T,0.1772,benign
V9W,0.3553,ambiguous
V9Y,0.2875,benign
L10A,0.2061,benign
L10C,0.3832,ambiguous
L10D,0.5792,pathogenic
L10E,0.3833,ambiguous
L10F,0.0926,benign
L10G,0.2956,benign
L10H,0.2949,benign
L10I,0.1216,benign
L10K,0.3627,ambiguous
L10M,0.1422,benign
L10N,0.3997,ambiguous
L10P,0.1351,benign
L10Q,0.2102,benign
L10R,0.2217,benign
L10S,0.2535,benign
L10T,0.2239,benign
L10V,0.1174,benign
L10W,0.1774,benign
L10Y,0.34,ambiguous
T11A,0.0789,benign
T11C,0.3025,benign
T11D,0.3831,ambiguous
T11E,0.3837,ambiguous
T11F,0.1286,benign
T11G,0.1637,benign
T11H,0.2118,benign
T11I,0.133,benign
T11K,0.2909,benign
T11L,0.0816,benign
T11M,0.1197,benign
T11N,0.1425,benign
T11P,0.0834,benign
T11Q,0.258,benign
T11R,0.2319,benign
T11S,0.1073,benign
T11V,0.1426,benign
T11W,0.3832,ambiguous
T11Y,0.2102,benign
L12A,0.1559,benign
L12C,0.2517,benign
L12D,0.4017,ambiguous
L12E,0.2707,benign
L12F,0.0711,benign
L12G,0.2321,benign
L12H,0.1266,benign
L12I,0.1,benign
L12K,0.2668,benign
L12M,0.1475,benign
L12N,0.2443,benign
L12P,0.1117,benign
L12Q,0.1262,benign
L12R,0.1309,benign
L12S,0.1656,benign
L12T,0.1737,benign
L12V,0.0892,benign
L12W,0.1161,benign
L12Y,0.1815,benign
C13A,0.2534,benign
C13D,0.4592,ambiguous
C13E,0.5935,pathogenic
C13F,0.0925,benign
C13G,0.1086,benign
C13H,0.3244,benign
C13I,0.3365,benign
C13K,0.629,pathogenic
C13L,0.2104,benign
C13M,0.5006,ambiguous
C13N,0.4242,ambiguous
C13P,0.3756,ambiguous
C13Q,0.4249,ambiguous
C13R,0.2759,benign
C13S,0.214,benign
C13T,0.3419,ambiguous
C13V,0.2943,benign
C13W,0.2677,benign
C13Y,0.1581,benign
T14A,0.0734,benign
T14C,0.2967,benign
T14D,0.3023,benign
T14E,0.2484,benign
T14F,0.1656,benign
T14G,0.1332,benign
T14H,0.1954,benign
T14I,0.1577,benign
T14K,0.1853,benign
T14L,0.1032,benign
T14M,0.1102,benign
T14N,0.1482,benign
T14P,0.078,benign
T14Q,0.1858,benign
T14R,0.131,benign
T14S,0.1007,benign
T14V,0.1554,benign
T14W,0.3053,benign
T14Y,0.2154,benign
G15A,0.1136,benign
G15C,0.1673,benign
G15D,0.1661,benign
G15E,0.2135,benign
G15F,0.3768,ambiguous
G15H,0.3585,ambiguous
G15I,0.2308,benign
G15K,0.4756,ambiguous
G15L,0.3136,benign
G15M,0.4648,ambiguous
G15N,0.3329,benign
G15P,0.4057,ambiguous
G15Q,0.3368,benign
G15R,0.2705,benign
G15S,0.1168,benign
G15T,0.1752,benign
G15V,0.1449,benign
G15W,0.2642,benign
G15Y,0.2892,benign
S16A,0.0705,benign
S16C,0.1063,benign
S16D,0.2894,benign
S16E,0.3163,benign
S16F,0.1084,benign
S16G,0.099,benign
S16H,0.2351,benign
S16I,0.1448,benign
S16K,0.5109,ambiguous
S16L,0.1224,benign
S16M,0.2052,benign
S16N,0.1796,benign
S16P,0.0836,benign
S16Q,0.333,benign
S16R,0.3921,ambiguous
S16T,0.0868,benign
S16V,0.1465,benign
S16W,0.1516,benign
S16Y,0.1168,benign
V17A,0.123,benign
V17C,0.4976,ambiguous
V17D,0.1512,benign
V17E,0.1528,benign
V17F,0.092,benign
V17G,0.1009,benign
V17H,0.3446,ambiguous
V17I,0.0974,benign
V17K,0.2561,benign
V17L,0.1285,benign
V17M,0.1194,benign
V17N,0.1914,benign
V17P,0.226,benign
V17Q,0.1999,benign
V17R,0.183,benign
V17S,0.1367,benign
V17T,0.1626,benign
V17W,0.447,ambiguous
V17Y,0.327,benign
I18A,0.114,benign
I18C,0.4082,ambiguous
I18D,0.2656,benign
I18E,0.2646,benign
I18F,0.0981,benign
I18G,0.26,benign
I18H,0.2631,benign
I18K,0.2498,benign
I18L,0.1014,benign
I18M,0.1045,benign
I18N,0.1227,benign
I18P,0.2216,benign
I18Q,0.2114,benign
I18R,0.1472,benign
I18S,0.1031,benign
I18T,0.1077,benign
I18V,0.0839,benign
I18W,0.4646,ambiguous
I18Y,0.2528,benign
S19A,0.0817,benign
S19C,0.134,benign
S19D,0.2786,benign
S19E,0.3134,benign
S19F,0.146,benign
S19G,0.093,benign
S19H,0.2601,benign
S19I,0.1561,benign
S19K,0.501,ambiguous
S19L,0.1246,benign
S19M,0.2607,benign
S19N,0.1932,benign
S19P,0.0844,benign
S19Q,0.3276,benign
S19R,0.3498,ambiguous
S19T,0.0883,benign
S19V,0.1664,benign
S19W,0.1904,benign
S19Y,0.1283,benign
S20A,0.0721,benign
S20C,0.1225,benign
S20D,0.2201,benign
S20E,0.246,benign
S20F,0.1198,benign
S20G,0.0846,benign
S20H,0.194,benign
S20I,0.1437,benign
S20K,0.3642,ambiguous
S20L,0.1092,benign
S20M,0.2349,benign
S20N,0.1525,benign
S20P,0.0781,benign
S20Q,0.2707,benign
S20R,0.2462,benign
S20T,0.0796,benign
S20V,0.1486,benign
S20W,0.1416,benign
S20Y,0.0931,benign
G21A,0.0774,benign
G21C,0.1824,benign
G21D,0.1095,benign
G21E,0.0652,benign
G21F,0.2501,benign
G21H,0.1842,benign
G21I,0.1001,benign
G21K,0.1227,benign
G21L,0.1608,benign
G21M,0.2097,benign
G21N,0.192,benign
G21P,0.2561,benign
G21Q,0.1083,benign
G21R,0.1035,benign
G21S,0.0913,benign
G21T,0.0882,benign
G21V,0.0705,benign
G21W,0.1973,benign
G21Y,0.1836,benign
P22A,0.0837,benign
P22C,0.3217,benign
P22D,0.2013,benign
P22E,0.1416,benign
P22F,0.2044,benign
P22G,0.1782,benign
P22H,0.134,benign
P22I,0.1343,benign
P22K,0.1518,benign
P22L,0.078,benign
P22M,0.1759,benign
P22N,0.1927,benign
P22Q,0.101,benign
P22R,0.0978,benign
P22S,0.1056,benign
P22T,0.0917,benign
P22V,0.1072,benign
P22W,0.2746,benign
P22Y,0.2065,benign
T23A,0.0793,benign
T23C,0.4802,ambiguous
T23D,0.2128,benign
T23E,0.1657,benign
T23F,0.1831,benign
T23G,0.1729,benign
T23H,0.1944,benign
T23I,0.1217,benign
T23K,0.142,benign
T23L,0.1029,benign
T23M,0.1128,benign
T23N,0.1088,benign
T23P,0.0929,benign
T23Q,0.1443,benign
T23R,0.1113,benign
T23S,0.0951,benign
T23V,0.1188,benign
T23W,0.4134,ambiguous
T23Y,0.2245,benign
Q24A,0.1659,benign
Q24C,0.7454,pathogenic
Q24D,0.378,ambiguous
Q24E,0.0824,benign
Q24F,0.6333,pathogenic
Q24G,0.2348,benign
Q24H,0.3373,benign
Q24I,0.2962,benign
Q24K,0.1432,benign
Q24L,0.1404,benign
Q24M,0.327,benign
Q24N,0.3683,ambiguous
Q24P,0.1045,benign
Q24R,0.1336,benign
Q24S,0.243,benign
Q24T,0.1899,benign
Q24V,0.1898,benign
Q24W,0.5361,ambiguous
Q24Y,0.5114,ambiguous
V25A,0.0781,benign
V25C,0.5205,ambiguous
V25D,0.0758,benign
V25E,0.0828,benign
V25F,0.105,benign
V25G,0.0898,benign
V25H,0.2142,benign
V25I,0.0884,benign
V25K,0.126,benign
V25L,0.0925,benign
V25M,0.1258,benign
V25N,0.1016,benign
V25P,0.0723,benign
V25Q,0.1052,benign
V25R,0.1173,benign
V25S,0.0822,benign
V25T,0.1005,benign
V25W,0.4263,ambiguous
V25Y,0.2408,benign
P26A,0.0697,benign
P26C,0.435,ambiguous
P26D,0.2187,benign
P26E,0.1698,benign
P26F,0.3428,ambiguous
P26G,0.1874,benign
P26H,0.1665,benign
P26I,0.2553,benign
P26K,0.2154,benign
P26L,0.1112,benign
P26M,0.2723,benign
P26N,0.2293,benign
P26Q,0.129,benign
P26R,0.1327,benign
P26S,0.0874,benign
P26T,0.0859,benign
P26V,0.1749,benign
P26W,0.3757,ambiguous
P26Y,0.305,benign
A27C,0.5174,ambiguous
A27D,0.1408,benign
A27E,0.1279,benign
A27F,0.2282,benign
A27G,0.1089,benign
A27H,0.355,ambiguous
A27I,0.2306,benign
A27K,0.2978,benign
A27L,0.1505,benign
A27M,0.2262,benign
A27N,0.2065,benign
A27P,0.1428,benign
A27Q,0.2291,benign
A27R,0.2452,benign
A27S,0.0743,benign
A27T,0.086,benign
A27V,0.1175,benign
A27W,0.4981,ambiguous
A27Y,0.3242,benign
V28A,0.1521,benign
V28C,0.7553,pathogenic
V28D,0.2627,benign
V28E,0.1799,benign
V28F,0.1349,benign
V28G,0.1834,benign
V28H,0.5631,ambiguous
V28I,0.0976,benign
V28K,0.2719,benign
V28L,0.1596,benign
V28M,0.1294,benign
V28N,0.3137,benign
V28P,0.4439,ambiguous
V28Q,0.2476,benign
V28R,0.2411,benign
V28S,0.2297,benign
V28T,0.2219,benign
V28W,0.6756,pathogenic
V28Y,0.4767,ambiguous
S29A,0.1232,benign
S29C,0.2843,benign
S29D,0.4501,ambiguous
S29E,0.4886,ambiguous
S29F,0.2407,benign
S29G,0.1866,benign
S29H,0.4365,ambiguous
S29I,0.3241,benign
S29K,0.6876,pathogenic
S29L,0.1806,benign
S29M,0.3358,benign
S29N,0.309,benign
S29P,0.187,benign
S29Q,0.5333,ambiguous
S29R,0.5636,ambiguous
S29T,0.1166,benign
S29V,0.3082,benign
S29W,0.2853,benign
S29Y,0.216,benign
V30A,0.1492,benign
V30C,0.8278,pathogenic
V30D,0.3746,ambiguous
V30E,0.2412,benign
V30F,0.1771,benign
V30G,0.196,benign
V30H,0.6766,pathogenic
V30I,0.123,benign
V30K,0.3284,benign
V30L,0.2541,benign
V30M,0.1615,benign
V30N,0.454,ambiguous
V30P,0.5202,ambiguous
V30Q,0.3423,ambiguous
V30R,0.2874,benign
V30S,0.2781,benign
V30T,0.2074,benign
V30W,0.7995,pathogenic
V30Y,0.6406,pathogenic
A31C,0.5289,ambiguous
A31D,0.1481,benign
A31E,0.1649,benign
A31F,0.2258,benign
A31G,0.1248,benign
A31H,0.3348,benign
A31I,0.2159,benign
A31K,0.2858,benign
A31L,0.1368,benign
A31M,0.2364,benign
A31N,0.1692,benign
A31P,0.0948,benign
A31Q,0.2176,benign
A31R,0.2296,benign
A31S,0.0785,benign
A31T,0.0809,benign
A31V,0.1161,benign
A31W,0.5885,pathogenic
A31Y,0.3487,ambiguous
L32A,0.1165,benign
L32C,0.5318,ambiguous
L32D,0.4281,ambiguous
L32E,0.185,benign
L32F,0.1753,benign
L32G,0.3154,benign
L32H,0.2282,benign
L32I,0.1174,benign
L32K,0.1669,benign
L32M,0.1531,benign
L32N,0.3289,benign
L32P,0.0495,benign
L32Q,0.1099,benign
L32R,0.1117,benign
L32S,0.1727,benign
L32T,0.1329,benign
L32V,0.0957,benign
L32W,0.2246,benign
L32Y,0.3822,ambiguous
G33A,0.3525,ambiguous
G33C,0.4464,ambiguous
G33D,0.3194,benign
G33E,0.2833,benign
G33F,0.7296,pathogenic
G33H,0.5401,ambiguous
G33I,0.6482,pathogenic
G33K,0.505,ambiguous
G33L,0.612,pathogenic
G33M,0.7468,pathogenic
G33N,0.5136,ambiguous
G33P,0.7381,pathogenic
G33Q,0.4072,ambiguous
G33R,0.2979,benign
G33S,0.2384,benign
G33T,0.4608,ambiguous
G33V,0.4923,ambiguous
G33W,0.4246,ambiguous
G33Y,0.5732,pathogenic
Q34A,0.2102,benign
Q34C,0.7699,pathogenic
Q34D,0.2276,benign
Q34E,0.0726,benign
Q34F,0.7225,pathogenic
Q34G,0.1521,benign
Q34H,0.3069,benign
Q34I,0.5053,ambiguous
Q34K,0.0931,benign
Q34L,0.2086,benign
Q34M,0.4454,ambiguous
Q34N,0.248,benign
Q34P,0.2751,benign
Q34R,0.104,benign
Q34S,0.2205,benign
Q34T,0.2112,benign
Q34V,0.3161,benign
Q34W,0.5407,ambiguous
Q34Y,0.5197,ambiguous
M35A,0.1603,benign
M35C,0.7203,pathogenic
M35D,0.3107,benign
M35E,0.1526,benign
M35F,0.3289,benign
M35G,0.3231,benign
M35H,0.3044,benign
M35I,0.254,benign
M35K,0.1029,benign
M35L,0.1708,benign
M35N,0.173,benign
M35P,0.222,benign
M35Q,0.129,benign
M35R,0.0998,benign
M35S,0.1517,benign
M35T,0.0527,benign
M35V,0.1081,benign
M35W,0.4538,ambiguous
M35Y,0.418,ambiguous
A36C,0.6734,pathogenic
A36D,0.4333,ambiguous
A36E,0.341,ambiguous
A36F,0.4528,ambiguous
A36G,0.1882,benign
A36H,0.6972,pathogenic
A36I,0.2549,benign
A36K,0.5958,pathogenic
A36L,0.2451,benign
A36M,0.3528,ambiguous
A36N,0.4965,ambiguous
A36P,0.3512,ambiguous
A36Q,0.4801,ambiguous
A36R,0.4965,ambiguous
A36S,0.174,benign
A36T,0.1331,benign
A36V,0.1132,benign
A36W,0.8091,pathogenic
A36Y,0.6332,pathogenic
R37A,0.1655,benign
R37C,0.2184,benign
R37D,0.3418,ambiguous
R37E,0.1633,benign
R37F,0.3361,benign
R37G,0.1259,benign
R37H,0.1097,benign
R37I,0.1418,benign
R37K,0.0877,benign
R37L,0.1629,benign
R37M,0.1356,benign
R37N,0.2481,benign
R37P,0.4057,ambiguous
R37Q,0.0875,benign
R37S,0.1514,benign
R37T,0.0748,benign
R37V,0.1879,benign
R37W,0.1295,benign
R37Y,0.2568,benign
I38A,0.6902,pathogenic
I38C,0.8439,pathogenic
I38D,0.7918,pathogenic
I38E,0.6948,pathogenic
I38F,0.1875,benign
I38G,0.7713,pathogenic
I38H,0.6279,pathogenic
I38K,0.5048,ambiguous
I38L,0.1309,benign
I38M,0.1282,benign
I38N,0.3968,ambiguous
I38P,0.7986,pathogenic
I38Q,0.5358,ambiguous
I38R,0.4462,ambiguous
I38S,0.5797,pathogenic
I38T,0.6678,pathogenic
I38V,0.195,benign
I38W,0.6883,pathogenic
I38Y,0.4932,ambiguous
T39A,0.1123,benign
T39C,0.5382,ambiguous
T39D,0.2823,benign
T39E,0.3125,benign
T39F,0.2187,benign
T39G,0.2627,benign
T39H,0.2387,benign
T39I,0.1521,benign
T39K,0.2423,benign
T39L,0.1274,benign
T39M,0.1391,benign
T39N,0.1371,benign
T39P,0.0851,benign
T39Q,0.2351,benign
T39R,0.1654,benign
T39S,0.1123,benign
T39V,0.1885,benign
T39W,0.5097,ambiguous
T39Y,0.2647,benign
C40A,0.2614,benign
C40D,0.4683,ambiguous
C40E,0.6415,pathogenic
C40F,0.1303,benign
C40G,0.1236,benign
C40H,0.282,benign
C40I,0.3553,ambiguous
C40K,0.6167,pathogenic
C40L,0.3189,benign
C40M,0.5738,pathogenic
C40N,0.355,ambiguous
C40P,0.6369,pathogenic
C40Q,0.4457,ambiguous
C40R,0.2125,benign
C40S,0.1637,benign
C40T,0.3478,ambiguous
C40V,0.325,benign
C40W,0.3076,benign
C40Y,0.1519,benign
Q41A,0.1234,benign
Q41C,0.525,ambiguous
Q41D,0.2161,benign
Q41E,0.0726,benign
Q41F,0.4374,ambiguous
Q41G,0.1311,benign
Q41H,0.1718,benign
Q41I,0.2231,benign
Q41K,0.0846,benign
Q41L,0.1064,benign
Q41M,0.2764,benign
Q41N,0.2125,benign
Q41P,0.0893,benign
Q41R,0.0752,benign
Q41S,0.1194,benign
Q41T,0.0992,benign
Q41V,0.1637,benign
Q41W,0.2759,benign
Q41Y,0.2955,benign
G42A,0.1168,benign
G42C,0.256,benign
G42D,0.1449,benign
G42E,0.1457,benign
G42F,0.44,ambiguous
G42H,0.2865,benign
G42I,0.2194,benign
G42K,0.2736,benign
G42L,0.3148,benign
G42M,0.3689,ambiguous
G42N,0.255,benign
G42P,0.5418,ambiguous
G42Q,0.2381,benign
G42R,0.1789,benign
G42S,0.1105,benign
G42T,0.1525,benign
G42V,0.1476,benign
G42W,0.2053,benign
G42Y,0.2687,benign
D43A,0.1066,benign
D43C,0.3842,ambiguous
D43E,0.1372,benign
D43F,0.2652,benign
D43G,0.0846,benign
D43H,0.1389,benign
D43I,0.1548,benign
D43K,0.1692,benign
D43L,0.18,benign
D43M,0.3782,ambiguous
D43N,0.082,benign
D43P,0.2358,benign
D43Q,0.1658,benign
D43R,0.1506,benign
D43S,0.0844,benign
D43T,0.1368,benign
D43V,0.1085,benign
D43W,0.497,ambiguous
D43Y,0.0962,benign
S44A,0.0844,benign
S44C,0.1726,benign
S44D,0.1203,benign
S44E,0.1778,benign
S44F,0.1518,benign
S44G,0.0766,benign
S44H,0.1494,benign
S44I,0.1003,benign
S44K,0.2178,benign
S44L,0.1096,benign
S44M,0.1883,benign
S44N,0.0846,benign
S44P,0.1094,benign
S44Q,0.2021,benign
S44R,0.1646,benign
S44T,0.0784,benign
S44V,0.1295,benign
S44W,0.1775,benign
S44Y,0.1169,benign
M45A,0.1225,benign
M45C,0.4914,ambiguous
M45D,0.2289,benign
M45E,0.1256,benign
M45F,0.1563,benign
M45G,0.1682,benign
M45H,0.1983,benign
M45I,0.1334,benign
M45K,0.0821,benign
M45L,0.0848,benign
M45N,0.1865,benign
M45P,0.1484,benign
M45Q,0.1036,benign
M45R,0.0734,benign
M45S,0.1286,benign
M45T,0.0677,benign
M45V,0.06,benign
M45W,0.2075,benign
M45Y,0.2576,benign
E46A,0.0779,benign
E46C,0.5472,ambiguous
E46D,0.0821,benign
E46F,0.326,benign
E46G,0.0621,benign
E46H,0.1792,benign
E46I,0.1735,benign
E46K,0.0839,benign
E46L,0.1633,benign
E46M,0.253,benign
E46N,0.1286,benign
E46P,0.1455,benign
E46Q,0.086,benign
E46R,0.1002,benign
E46S,0.093,benign
E46T,0.1008,benign
E46V,0.118,benign
E46W,0.3893,ambiguous
E46Y,0.223,benign
G47A,0.0999,benign
G47C,0.1925,benign
G47D,0.0719,benign
G47E,0.1015,benign
G47F,0.244,benign
G47H,0.1676,benign
G47I,0.1284,benign
G47K,0.1721,benign
G47L,0.2192,benign
G47M,0.2556,benign
G47N,0.1174,benign
G47P,0.3343,benign
G47Q,0.1732,benign
G47R,0.1291,benign
G47S,0.0839,benign
G47T,0.1043,benign
G47V,0.1032,benign
G47W,0.155,benign
G47Y,0.1261,benign
S48A,0.0953,benign
S48C,0.1379,benign
S48D,0.1501,benign
S48E,0.1909,benign
S48F,0.1414,benign
S48G,0.0792,benign
S48H,0.1464,benign
S48I,0.1042,benign
S48K,0.2287,benign
S48L,0.1214,benign
S48M,0.1949,benign
S48N,0.0971,benign
S48P,0.1196,benign
S48Q,0.1994,benign
S48R,0.169,benign
S48T,0.0891,benign
S48V,0.1356,benign
S48W,0.1371,benign
S48Y,0.0908,benign
Y49A,0.1642,benign
Y49C,0.1189,benign
Y49D,0.102,benign
Y49E,0.2402,benign
Y49F,0.1089,benign
Y49G,0.1242,benign
Y49H,0.1169,benign
Y49I,0.2083,benign
Y49K,0.2003,benign
Y49L,0.2042,benign
Y49M,0.3263,benign
Y49N,0.0937,benign
Y49P,0.2504,benign
Y49Q,0.1998,benign
Y49R,0.1269,benign
Y49S,0.0737,benign
Y49T,0.163,benign
Y49V,0.1689,benign
Y49W,0.1481,benign
E50A,0.0863,benign
E50C,0.463,ambiguous
E50D,0.1413,benign
E50F,0.4015,ambiguous
E50G,0.0843,benign
E50H,0.2148,benign
E50I,0.1784,benign
E50K,0.0963,benign
E50L,0.2006,benign
E50M,0.2634,benign
E50N,0.1945,benign
E50P,0.1814,benign
E50Q,0.0812,benign
E50R,0.1169,benign
E50S,0.1205,benign
E50T,0.1306,benign
E50V,0.1242,benign
E50W,0.4876,ambiguous
E50Y,0.255,benign
H51A,0.1744,benign
H51C,0.1595,benign
H51D,0.1527,benign
H51E,0.2219,benign
H51F,0.2027,benign
H51G,0.1795,benign
H51I,0.2058,benign
H51K,0.185,benign
H51L,0.1091,benign
H51M,0.3112,benign
H51N,0.092,benign
H51P,0.1608,benign
H51Q,0.1411,benign
H51R,0.1015,benign
H51S,0.1405,benign
H51T,0.182,benign
H51V,0.1778,benign
H51W,0.2277,benign
H51Y,0.0738,benign
W52A,0.4463,ambiguous
W52C,0.536,ambiguous
W52D,0.7241,pathogenic
W52E,0.6752,pathogenic
W52F,0.2882,benign
W52G,0.2373,benign
W52H,0.587,pathogenic
W52I,0.4211,ambiguous
W52K,0.6766,pathogenic
W52L,0.3348,benign
W52M,0.6157,pathogenic
W52N,0.7173,pathogenic
W52P,0.7801,pathogenic
W52Q,0.6628,pathogenic
W52R,0.4892,ambiguous
W52S,0.3144,benign
W52T,0.3971,ambiguous
W52V,0.381,ambiguous
W52Y,0.3584,ambiguous
Y53A,0.5959,pathogenic
Y53C,0.2434,benign
Y53D,0.4096,ambiguous
Y53E,0.6362,pathogenic
Y53F,0.1238,benign
Y53G,0.5194,ambiguous
Y53H,0.2489,benign
Y53I,0.3827,ambiguous
Y53K,0.5751,pathogenic
Y53L,0.416,ambiguous
Y53M,0.5698,pathogenic
Y53N,0.2738,benign
Y53P,0.8246,pathogenic
Y53Q,0.5219,ambiguous
Y53R,0.4298,ambiguous
Y53S,0.3305,benign
Y53T,0.5632,ambiguous
Y53V,0.3675,ambiguous
Y53W,0.3264,benign
Q54A,0.4371,ambiguous
Q54C,0.7978,pathogenic
Q54D,0.8564,pathogenic
Q54E,0.1775,benign
Q54F,0.8027,pathogenic
Q54G,0.4762,ambiguous
Q54H,0.5518,ambiguous
Q54I,0.4771,ambiguous
Q54K,0.1633,benign
Q54L,0.2169,benign
Q54M,0.5397,ambiguous
Q54N,0.7443,pathogenic
Q54P,0.4199,ambiguous
Q54R,0.1299,benign
Q54S,0.5512,ambiguous
Q54T,0.4594,ambiguous
Q54V,0.3621,ambiguous
Q54W,0.6012,pathogenic
Q54Y,0.7009,pathogenic
Q55A,0.4027,ambiguous
Q55C,0.8345,pathogenic
Q55D,0.7237,pathogenic
Q55E,0.1616,benign
Q55F,0.82,pathogenic
Q55G,0.4036,ambiguous
Q55H,0.5325,ambiguous
Q55I,0.5103,ambiguous
Q55K,0.1217,benign
Q55L,0.2318,benign
Q55M,0.4509,ambiguous
Q55N,0.6086,pathogenic
Q55P,0.5022,ambiguous
Q55R,0.153,benign
Q55S,0.5408,ambiguous
Q55T,0.4276,ambiguous
Q55V,0.349,ambiguous
Q55W,0.6345,pathogenic
Q55Y,0.6948,pathogenic
K56A,0.5603,ambiguous
K56C,0.7753,pathogenic
K56D,0.7644,pathogenic
K56E,0.3696,ambiguous
K56F,0.6682,pathogenic
K56G,0.6074,pathogenic
K56H,0.3537,ambiguous
K56I,0.3043,benign
K56L,0.3486,ambiguous
K56M,0.27,benign
K56N,0.5131,ambiguous
K56P,0.7528,pathogenic
K56Q,0.217,benign
K56R,0.1111,benign
K56S,0.6346,pathogenic
K56T,0.3432,ambiguous
K56V,0.4081,ambiguous
K56W,0.7151,pathogenic
K56Y,0.5016,ambiguous
P57A,0.0787,benign
P57C,0.5539,ambiguous
P57D,0.2455,benign
P57E,0.1944,benign
P57F,0.4212,ambiguous
P57G,0.2264,benign
P57H,0.1905,benign
P57I,0.278,benign
P57K,0.2089,benign
P57L,0.1208,benign
P57M,0.2982,benign
P57N,0.2708,benign
P57Q,0.146,benign
P57R,0.1353,benign
P57S,0.1191,benign
P57T,0.1093,benign
P57V,0.2008,benign
P57W,0.416,ambiguous
P57Y,0.3549,ambiguous
G58A,0.1919,benign
G58C,0.2807,benign
G58D,0.1771,benign
G58E,0.2142,benign
G58F,0.5109,ambiguous
G58H,0.3623,ambiguous
G58I,0.3788,ambiguous
G58K,0.3792,ambiguous
G58L,0.4222,ambiguous
G58M,0.5355,ambiguous
G58N,0.3119,benign
G58P,0.6726,pathogenic
G58Q,0.2901,benign
G58R,0.217,benign
G58S,0.1346,benign
G58T,0.2586,benign
G58V,0.2645,benign
G58W,0.2903,benign
G58Y,0.3724,ambiguous
Q59A,0.1925,benign
Q59C,0.6113,pathogenic
Q59D,0.2973,benign
Q59E,0.0825,benign
Q59F,0.5049,ambiguous
Q59G,0.1858,benign
Q59H,0.2098,benign
Q59I,0.3199,benign
Q59K,0.0848,benign
Q59L,0.1186,benign
Q59M,0.2904,benign
Q59N,0.2637,benign
Q59P,0.2629,benign
Q59R,0.0839,benign
Q59S,0.222,benign
Q59T,0.1774,benign
Q59V,0.2135,benign
Q59W,0.3289,benign
Q59Y,0.3498,ambiguous
A60C,0.538,ambiguous
A60D,0.153,benign
A60E,0.1666,benign
A60F,0.2355,benign
A60G,0.109,benign
A60H,0.3264,benign
A60I,0.2029,benign
A60K,0.2222,benign
A60L,0.1522,benign
A60M,0.2181,benign
A60N,0.191,benign
A60P,0.1013,benign
A60Q,0.2158,benign
A60R,0.1903,benign
A60S,0.0905,benign
A60T,0.0923,benign
A60V,0.1133,benign
A60W,0.5233,ambiguous
A60Y,0.3006,benign
P61A,0.1351,benign
P61C,0.6425,pathogenic
P61D,0.544,ambiguous
P61E,0.4242,ambiguous
P61F,0.6095,pathogenic
P61G,0.4496,ambiguous
P61H,0.3085,benign
P61I,0.408,ambiguous
P61K,0.398,ambiguous
P61L,0.1646,benign
P61M,0.4608,ambiguous
P61N,0.53,ambiguous
P61Q,0.2956,benign
P61R,0.2161,benign
P61S,0.2298,benign
P61T,0.1847,benign
P61V,0.3127,benign
P61W,0.6243,pathogenic
P61Y,0.5505,ambiguous
V62A,0.1402,benign
V62C,0.6165,pathogenic
V62D,0.1962,benign
V62E,0.1313,benign
V62F,0.1013,benign
V62G,0.1629,benign
V62H,0.3226,benign
V62I,0.0906,benign
V62K,0.145,benign
V62L,0.1142,benign
V62M,0.1098,benign
V62N,0.1918,benign
V62P,0.4751,ambiguous
V62Q,0.1438,benign
V62R,0.1193,benign
V62S,0.1642,benign
V62T,0.1599,benign
V62W,0.5025,ambiguous
V62Y,0.3006,benign
L63A,0.1479,benign
L63C,0.4278,ambiguous
L63D,0.4712,ambiguous
L63E,0.2292,benign
L63F,0.1614,benign
L63G,0.3101,benign
L63H,0.2451,benign
L63I,0.1259,benign
L63K,0.1778,benign
L63M,0.1163,benign
L63N,0.2909,benign
L63P,0.1166,benign
L63Q,0.1425,benign
L63R,0.1205,benign
L63S,0.2187,benign
L63T,0.1187,benign
L63V,0.1057,benign
L63W,0.1794,benign
L63Y,0.303,benign
V64A,0.2995,benign
V64C,0.7471,pathogenic
V64D,0.5697,pathogenic
V64E,0.4848,ambiguous
V64F,0.215,benign
V64G,0.3125,benign
V64H,0.6989,pathogenic
V64I,0.0907,benign
V64K,0.5102,ambiguous
V64L,0.1098,benign
V64M,0.1977,benign
V64N,0.5357,ambiguous
V64P,0.5334,ambiguous
V64Q,0.4791,ambiguous
V64R,0.4086,ambiguous
V64S,0.449,ambiguous
V64T,0.4234,ambiguous
V64W,0.7507,pathogenic
V64Y,0.5862,pathogenic
I65A,0.4843,ambiguous
I65C,0.6904,pathogenic
I65D,0.6623,pathogenic
I65E,0.6344,pathogenic
I65F,0.1579,benign
I65G,0.6597,pathogenic
I65H,0.5049,ambiguous
I65K,0.4114,ambiguous
I65L,0.1451,benign
I65M,0.1148,benign
I65N,0.2702,benign
I65P,0.7049,pathogenic
I65Q,0.4447,ambiguous
I65R,0.2968,benign
I65S,0.3517,ambiguous
I65T,0.3196,benign
I65V,0.1543,benign
I65W,0.6113,pathogenic
I65Y,0.4058,ambiguous
Y66A,0.2739,benign
Y66C,0.1236,benign
Y66D,0.17,benign
Y66E,0.4049,ambiguous
Y66F,0.1342,benign
Y66G,0.2073,benign
Y66H,0.1339,benign
Y66I,0.3424,ambiguous
Y66K,0.3055,benign
Y66L,0.3409,ambiguous
Y66M,0.4343,ambiguous
Y66N,0.1259,benign
Y66P,0.5697,pathogenic
Y66Q,0.2833,benign
Y66R,0.1878,benign
Y66S,0.1163,benign
Y66T,0.237,benign
Y66V,0.2886,benign
Y66W,0.2204,benign
D67A,0.122,benign
D67C,0.2916,benign
D67E,0.1546,benign
D67F,0.3007,benign
D67G,0.0733,benign
D67H,0.117,benign
D67I,0.2539,benign
D67K,0.1281,benign
D67L,0.2092,benign
D67M,0.44,ambiguous
D67N,0.0768,benign
D67P,0.4229,ambiguous
D67Q,0.1454,benign
D67R,0.1113,benign
D67S,0.0817,benign
D67T,0.1877,benign
D67V,0.1866,benign
D67W,0.4285,ambiguous
D67Y,0.0866,benign
S68A,0.0989,benign
S68C,0.1565,benign
S68D,0.1188,benign
S68E,0.2353,benign
S68F,0.2032,benign
S68G,0.0735,benign
S68H,0.1772,benign
S68I,0.1415,benign
S68K,0.2861,benign
S68L,0.1563,benign
S68M,0.2545,benign
S68N,0.0942,benign
S68P,0.1648,benign
S68Q,0.2703,benign
S68R,0.2216,benign
S68T,0.0955,benign
S68V,0.1737,benign
S68W,0.2153,benign
S68Y,0.1272,benign
S69A,0.1043,benign
S69C,0.1654,benign
S69D,0.1501,benign
S69E,0.2444,benign
S69F,0.2049,benign
S69G,0.0865,benign
S69H,0.1906,benign
S69I,0.156,benign
S69K,0.249,benign
S69L,0.1434,benign
S69M,0.2321,benign
S69N,0.098,benign
S69P,0.1777,benign
S69Q,0.2706,benign
S69R,0.2049,benign
S69T,0.0785,benign
S69V,0.1917,benign
S69W,0.2032,benign
S69Y,0.1435,benign
D70A,0.1003,benign
D70C,0.2787,benign
D70E,0.1097,benign
D70F,0.2525,benign
D70G,0.1023,benign
D70H,0.0841,benign
D70I,0.1476,benign
D70K,0.0876,benign
D70L,0.1523,benign
D70M,0.3211,benign
D70N,0.0647,benign
D70P,0.3583,ambiguous
D70Q,0.1027,benign
D70R,0.0846,benign
D70S,0.0672,benign
D70T,0.1125,benign
D70V,0.1093,benign
D70W,0.395,ambiguous
D70Y,0.0731,benign
R71A,0.3821,ambiguous
R71C,0.1605,benign
R71D,0.5732,pathogenic
R71E,0.3442,ambiguous
R71F,0.3867,ambiguous
R71G,0.22,benign
R71H,0.1175,benign
R71I,0.1734,benign
R71K,0.1443,benign
R71L,0.1873,benign
R71M,0.2682,benign
R71N,0.4919,ambiguous
R71P,0.4233,ambiguous
R71Q,0.1159,benign
R71S,0.4041,ambiguous
R71T,0.2563,benign
R71V,0.2876,benign
R71W,0.13,benign
R71Y,0.256,benign
P72A,0.1177,benign
P72C,0.6228,pathogenic
P72D,0.3801,ambiguous
P72E,0.3348,benign
P72F,0.4458,ambiguous
P72G,0.3009,benign
P72H,0.2863,benign
P72I,0.3035,benign
P72K,0.3528,ambiguous
P72L,0.1668,benign
P72M,0.4138,ambiguous
P72N,0.3818,ambiguous
P72Q,0.2559,benign
P72R,0.2536,benign
P72S,0.1884,benign
P72T,0.1725,benign
P72V,0.2484,benign
P72W,0.5712,pathogenic
P72Y,0.3926,ambiguous
S73A,0.0942,benign
S73C,0.2847,benign
S73D,0.2414,benign
S73E,0.2826,benign
S73F,0.203,benign
S73G,0.1148,benign
S73H,0.3255,benign
S73I,0.2124,benign
S73K,0.4625,ambiguous
S73L,0.1324,benign
S73M,0.28,benign
S73N,0.1986,benign
S73P,0.0892,benign
S73Q,0.3522,ambiguous
S73R,0.3921,ambiguous
S73T,0.1123,benign
S73V,0.2099,benign
S73W,0.2107,benign
S73Y,0.1825,benign
R74A,0.0957,benign
R74C,0.1531,benign
R74D,0.0832,benign
R74E,0.0799,benign
R74F,0.2349,benign
R74G,0.027,benign
R74H,0.0885,benign
R74I,0.1316,benign
R74K,0.0956,benign
R74L,0.1268,benign
R74M,0.1519,benign
R74N,0.1161,benign
R74P,0.1958,benign
R74Q,0.0795,benign
R74S,0.0753,benign
R74T,0.0803,benign
R74V,0.1305,benign
R74W,0.0966,benign
R74Y,0.1546,benign
I75A,0.5713,pathogenic
I75C,0.7673,pathogenic
I75D,0.6053,pathogenic
I75E,0.5723,pathogenic
I75F,0.1524,benign
I75G,0.6497,pathogenic
I75H,0.4833,ambiguous
I75K,0.4331,ambiguous
I75L,0.2069,benign
I75M,0.1616,benign
I75N,0.2208,benign
I75P,0.6111,pathogenic
I75Q,0.484,ambiguous
I75R,0.3759,ambiguous
I75S,0.3245,benign
I75T,0.403,ambiguous
I75V,0.1995,benign
I75W,0.6261,pathogenic
I75Y,0.3551,ambiguous
P76A,0.1423,benign
P76C,0.6607,pathogenic
P76D,0.5014,ambiguous
P76E,0.442,ambiguous
P76F,0.6499,pathogenic
P76G,0.3677,ambiguous
P76H,0.3159,benign
P76I,0.5677,pathogenic
P76K,0.4178,ambiguous
P76L,0.1988,benign
P76M,0.4939,ambiguous
P76N,0.486,ambiguous
P76Q,0.279,benign
P76R,0.2679,benign
P76S,0.1324,benign
P76T,0.1547,benign
P76V,0.4401,ambiguous
P76W,0.6263,pathogenic
P76Y,0.6267,pathogenic
E77A,0.095,benign
E77C,0.6921,pathogenic
E77D,0.0725,benign
E77F,0.5047,ambiguous
E77G,0.0794,benign
E77H,0.2818,benign
E77I,0.3349,benign
E77K,0.1157,benign
E77L,0.2624,benign
E77M,0.4194,ambiguous
E77N,0.1501,benign
E77P,0.2151,benign
E77Q,0.106,benign
E77R,0.1445,benign
E77S,0.111,benign
E77T,0.1759,benign
E77V,0.1785,benign
E77W,0.6063,pathogenic
E77Y,0.3418,ambiguous
R78A,0.3392,benign
R78C,0.1628,benign
R78D,0.5133,ambiguous
R78E,0.3564,ambiguous
R78F,0.4824,ambiguous
R78G,0.1935,benign
R78H,0.1254,benign
R78I,0.203,benign
R78K,0.1862,benign
R78L,0.2152,benign
R78M,0.3094,benign
R78N,0.4485,ambiguous
R78P,0.3957,ambiguous
R78Q,0.125,benign
R78S,0.4042,ambiguous
R78T,0.2524,benign
R78V,0.3073,benign
R78W,0.1605,benign
R78Y,0.2834,benign
F79A,0.8145,pathogenic
F79C,0.6891,pathogenic
F79D,0.8479,pathogenic
F79E,0.9063,pathogenic
F79G,0.868,pathogenic
F79H,0.7419,pathogenic
F79I,0.3185,benign
F79K,0.8815,pathogenic
F79L,0.9277,pathogenic
F79M,0.8205,pathogenic
F79N,0.7788,pathogenic
F79P,0.9474,pathogenic
F79Q,0.8859,pathogenic
F79R,0.7933,pathogenic
F79S,0.6586,pathogenic
F79T,0.7937,pathogenic
F79V,0.4291,ambiguous
F79W,0.5976,pathogenic
F79Y,0.2819,benign
S80A,0.1182,benign
S80C,0.2214,benign
S80D,0.5468,ambiguous
S80E,0.4897,ambiguous
S80F,0.1925,benign
S80G,0.1857,benign
S80H,0.3765,ambiguous
S80I,0.2103,benign
S80K,0.6459,pathogenic
S80L,0.1299,benign
S80M,0.3128,benign
S80N,0.3638,ambiguous
S80P,0.3883,ambiguous
S80Q,0.4795,ambiguous
S80R,0.4735,ambiguous
S80T,0.1062,benign
S80V,0.2468,benign
S80W,0.2208,benign
S80Y,0.1869,benign
G81A,0.106,benign
G81C,0.226,benign
G81D,0.3286,benign
G81E,0.3306,benign
G81F,0.5304,ambiguous
G81H,0.466,ambiguous
G81I,0.2402,benign
G81K,0.4949,ambiguous
G81L,0.4061,ambiguous
G81M,0.4959,ambiguous
G81N,0.449,ambiguous
G81P,0.7475,pathogenic
G81Q,0.4276,ambiguous
G81R,0.2723,benign
G81S,0.1073,benign
G81T,0.2,benign
G81V,0.1737,benign
G81W,0.362,ambiguous
G81Y,0.3822,ambiguous
S82A,0.1231,benign
S82C,0.2422,benign
S82D,0.3474,ambiguous
S82E,0.3351,benign
S82F,0.1885,benign
S82G,0.1503,benign
S82H,0.3424,ambiguous
S82I,0.2345,benign
S82K,0.5155,ambiguous
S82L,0.1663,benign
S82M,0.2935,benign
S82N,0.2158,benign
S82P,0.4407,ambiguous
S82Q,0.3764,ambiguous
S82R,0.4147,ambiguous
S82T,0.1059,benign
S82V,0.2482,benign
S82W,0.2369,benign
S82Y,0.1742,benign
K83A,0.176,benign
K83C,0.5016,ambiguous
K83D,0.2756,benign
K83E,0.1282,benign
K83F,0.4019,ambiguous
K83G,0.2315,benign
K83H,0.1819,benign
K83I,0.1667,benign
K83L,0.1965,benign
K83M,0.1644,benign
K83N,0.1995,benign
K83P,0.4798,ambiguous
K83Q,0.108,benign
K83R,0.0721,benign
K83S,0.1788,benign
K83T,0.1034,benign
K83V,0.1686,benign
K83W,0.4262,ambiguous
K83Y,0.2633,benign
S84A,0.0965,benign
S84C,0.2591,benign
S84D,0.2327,benign
S84E,0.2783,benign
S84F,0.1595,benign
S84G,0.1348,benign
S84H,0.2783,benign
S84I,0.1847,benign
S84K,0.4512,ambiguous
S84L,0.1268,benign
S84M,0.2414,benign
S84N,0.1761,benign
S84P,0.2005,benign
S84Q,0.3357,benign
S84R,0.3739,ambiguous
S84T,0.0961,benign
S84V,0.2046,benign
S84W,0.1517,benign
S84Y,0.1194,benign
G85A,0.1715,benign
G85C,0.259,benign
G85D,0.1506,benign
G85E,0.1697,benign
G85F,0.4983,ambiguous
G85H,0.3101,benign
G85I,0.3039,benign
G85K,0.2538,benign
G85L,0.3791,ambiguous
G85M,0.4584,ambiguous
G85N,0.2632,benign
G85P,0.5938,pathogenic
G85Q,0.2242,benign
G85R,0.1412,benign
G85S,0.1202,benign
G85T,0.2211,benign
G85V,0.2287,benign
G85W,0.2193,benign
G85Y,0.3137,benign
N86A,0.2067,benign
N86C,0.4177,ambiguous
N86D,0.1007,benign
N86E,0.2759,benign
N86F,0.4119,ambiguous
N86G,0.2206,benign
N86H,0.1512,benign
N86I,0.2007,benign
N86K,0.1918,benign
N86L,0.2139,benign
N86M,0.287,benign
N86P,0.403,ambiguous
N86Q,0.2654,benign
N86R,0.2151,benign
N86S,0.0936,benign
N86T,0.1313,benign
N86V,0.2353,benign
N86W,0.5705,pathogenic
N86Y,0.1472,benign
T87A,0.0971,benign
T87C,0.5418,ambiguous
T87D,0.2736,benign
T87E,0.2228,benign
T87F,0.2293,benign
T87G,0.2383,benign
T87H,0.242,benign
T87I,0.1516,benign
T87K,0.1424,benign
T87L,0.1346,benign
T87M,0.1063,benign
T87N,0.143,benign
T87P,0.2409,benign
T87Q,0.1789,benign
T87R,0.1046,benign
T87S,0.1344,benign
T87V,0.1541,benign
T87W,0.455,ambiguous
T87Y,0.2395,benign
T88A,0.0543,benign
T88C,0.3608,ambiguous
T88D,0.258,benign
T88E,0.2552,benign
T88F,0.1934,benign
T88G,0.1285,benign
T88H,0.2489,benign
T88I,0.143,benign
T88K,0.2286,benign
T88L,0.1331,benign
T88M,0.1204,benign
T88N,0.143,benign
T88P,0.2568,benign
T88Q,0.2273,benign
T88R,0.1533,benign
T88S,0.1014,benign
T88V,0.1177,benign
T88W,0.424,ambiguous
T88Y,0.1839,benign
T89A,0.1076,benign
T89C,0.5654,pathogenic
T89D,0.3503,ambiguous
T89E,0.3361,benign
T89F,0.2042,benign
T89G,0.327,benign
T89H,0.2707,benign
T89I,0.157,benign
T89K,0.2928,benign
T89L,0.1363,benign
T89M,0.1191,benign
T89N,0.1786,benign
T89P,0.2393,benign
T89Q,0.2715,benign
T89R,0.1974,benign
T89S,0.131,benign
T89V,0.1615,benign
T89W,0.526,ambiguous
T89Y,0.2304,benign
L90A,0.5812,pathogenic
L90C,0.741,pathogenic
L90D,0.8876,pathogenic
L90E,0.6927,pathogenic
L90F,0.2083,benign
L90G,0.7205,pathogenic
L90H,0.5548,ambiguous
L90I,0.174,benign
L90K,0.5288,ambiguous
L90M,0.2048,benign
L90N,0.7833,pathogenic
L90P,0.4597,ambiguous
L90Q,0.4235,ambiguous
L90R,0.361,ambiguous
L90S,0.7384,pathogenic
L90T,0.6253,pathogenic
L90V,0.1908,benign
L90W,0.4118,ambiguous
L90Y,0.6108,pathogenic
T91A,0.1436,benign
T91C,0.6031,pathogenic
T91D,0.4183,ambiguous
T91E,0.368,ambiguous
T91F,0.2714,benign
T91G,0.3953,ambiguous
T91H,0.305,benign
T91I,0.1879,benign
T91K,0.2721,benign
T91L,0.1439,benign
T91M,0.1282,benign
T91N,0.1959,benign
T91P,0.3284,benign
T91Q,0.2841,benign
T91R,0.2056,benign
T91S,0.1754,benign
T91V,0.2207,benign
T91W,0.5641,pathogenic
T91Y,0.2972,benign
I92A,0.6979,pathogenic
I92C,0.8834,pathogenic
I92D,0.8771,pathogenic
I92E,0.8053,pathogenic
I92F,0.3308,benign
I92G,0.862,pathogenic
I92H,0.7752,pathogenic
I92K,0.6074,pathogenic
I92L,0.24,benign
I92M,0.1992,benign
I92N,0.545,ambiguous
I92P,0.8626,pathogenic
I92Q,0.7049,pathogenic
I92R,0.4971,ambiguous
I92S,0.6321,pathogenic
I92T,0.6566,pathogenic
I92V,0.1703,benign
I92W,0.8315,pathogenic
I92Y,0.68,pathogenic
T93A,0.0832,benign
T93C,0.4479,ambiguous
T93D,0.2499,benign
T93E,0.2462,benign
T93F,0.1982,benign
T93G,0.184,benign
T93H,0.2126,benign
T93I,0.1703,benign
T93K,0.1802,benign
T93L,0.1203,benign
T93M,0.118,benign
T93N,0.1244,benign
T93P,0.147,benign
T93Q,0.2061,benign
T93R,0.1195,benign
T93S,0.0859,benign
T93V,0.1915,benign
T93W,0.3455,ambiguous
T93Y,0.205,benign
G94A,0.1247,benign
G94C,0.2495,benign
G94D,0.1405,benign
G94E,0.136,benign
G94F,0.5178,ambiguous
G94H,0.2537,benign
G94I,0.3315,benign
G94K,0.1999,benign
G94L,0.3598,ambiguous
G94M,0.3974,ambiguous
G94N,0.2388,benign
G94P,0.6645,pathogenic
G94Q,0.1828,benign
G94R,0.1121,benign
G94S,0.1178,benign
G94T,0.1793,benign
G94V,0.2185,benign
G94W,0.2467,benign
G94Y,0.3237,benign
A95C,0.5564,ambiguous
A95D,0.4591,ambiguous
A95E,0.4264,ambiguous
A95F,0.3478,ambiguous
A95G,0.2,benign
A95H,0.6652,pathogenic
A95I,0.1801,benign
A95K,0.5827,pathogenic
A95L,0.1658,benign
A95M,0.26,benign
A95N,0.4087,ambiguous
A95P,0.2636,benign
A95Q,0.5086,ambiguous
A95R,0.4562,ambiguous
A95S,0.1479,benign
A95T,0.0893,benign
A95V,0.0946,benign
A95W,0.7535,pathogenic
A95Y,0.5524,ambiguous
Q96A,0.2398,benign
Q96C,0.6687,pathogenic
Q96D,0.4871,ambiguous
Q96E,0.0928,benign
Q96F,0.6329,pathogenic
Q96G,0.2909,benign
Q96H,0.3057,benign
Q96I,0.3728,ambiguous
Q96K,0.092,benign
Q96L,0.1239,benign
Q96M,0.358,ambiguous
Q96N,0.4295,ambiguous
Q96P,0.3421,ambiguous
Q96R,0.0813,benign
Q96S,0.3478,ambiguous
Q96T,0.2671,benign
Q96V,0.231,benign
Q96W,0.396,ambiguous
Q96Y,0.5064,ambiguous
A97C,0.6423,pathogenic
A97D,0.165,benign
A97E,0.149,benign
A97F,0.3167,benign
A97G,0.1542,benign
A97H,0.4311,ambiguous
A97I,0.2151,benign
A97K,0.2484,benign
A97L,0.1517,benign
A97M,0.2288,benign
A97N,0.2448,benign
A97P,0.0958,benign
A97Q,0.2498,benign
A97R,0.2297,benign
A97S,0.1198,benign
A97T,0.0993,benign
A97V,0.1095,benign
A97W,0.5672,pathogenic
A97Y,0.434,ambiguous
E98A,0.1304,benign
E98C,0.8582,pathogenic
E98D,0.1775,benign
E98F,0.7459,pathogenic
E98G,0.0953,benign
E98H,0.5467,ambiguous
E98I,0.4353,ambiguous
E98K,0.1168,benign
E98L,0.4216,ambiguous
E98M,0.4495,ambiguous
E98N,0.3238,benign
E98P,0.5193,ambiguous
E98Q,0.1354,benign
E98R,0.1777,benign
E98S,0.2016,benign
E98T,0.2206,benign
E98V,0.2477,benign
E98W,0.7767,pathogenic
E98Y,0.6369,pathogenic
D99A,0.4997,ambiguous
D99C,0.8974,pathogenic
D99E,0.6216,pathogenic
D99F,0.8566,pathogenic
D99G,0.3963,ambiguous
D99H,0.6278,pathogenic
D99I,0.7641,pathogenic
D99K,0.7278,pathogenic
D99L,0.774,pathogenic
D99M,0.9019,pathogenic
D99N,0.3451,ambiguous
D99P,0.9056,pathogenic
D99Q,0.7897,pathogenic
D99R,0.7269,pathogenic
D99S,0.5045,ambiguous
D99T,0.6619,pathogenic
D99V,0.5297,ambiguous
D99W,0.9217,pathogenic
D99Y,0.3875,ambiguous
E100A,0.1624,benign
E100C,0.8817,pathogenic
E100D,0.2487,benign
E100F,0.7343,pathogenic
E100G,0.2206,benign
E100H,0.5463,ambiguous
E100I,0.417,ambiguous
E100K,0.1108,benign
E100L,0.4682,ambiguous
E100M,0.4678,ambiguous
E100N,0.4321,ambiguous
E100P,0.7652,pathogenic
E100Q,0.1663,benign
E100R,0.2008,benign
E100S,0.3183,benign
E100T,0.2732,benign
E100V,0.2459,benign
E100W,0.8816,pathogenic
E100Y,0.6021,pathogenic
A101C,0.8036,pathogenic
A101D,0.3444,ambiguous
A101E,0.5407,ambiguous
A101F,0.6985,pathogenic
A101G,0.1145,benign
A101H,0.8238,pathogenic
A101I,0.7127,pathogenic
A101K,0.7435,pathogenic
A101L,0.5678,pathogenic
A101M,0.5923,pathogenic
A101N,0.5522,ambiguous
A101P,0.5628,ambiguous
A101Q,0.7051,pathogenic
A101R,0.6201,pathogenic
A101S,0.1933,benign
A101T,0.2607,benign
A101V,0.3845,ambiguous
A101W,0.882,pathogenic
A101Y,0.7229,pathogenic
D102A,0.1476,benign
D102C,0.4807,ambiguous
D102E,0.2236,benign
D102F,0.4321,ambiguous
D102G,0.1898,benign
D102H,0.2354,benign
D102I,0.1927,benign
D102K,0.3228,benign
D102L,0.3012,benign
D102M,0.5355,ambiguous
D102N,0.1074,benign
D102P,0.6542,pathogenic
D102Q,0.2984,benign
D102R,0.282,benign
D102S,0.1414,benign
D102T,0.1922,benign
D102V,0.1168,benign
D102W,0.7364,pathogenic
D102Y,0.1446,benign
Y103A,0.7279,pathogenic
Y103C,0.2828,benign
Y103D,0.3739,ambiguous
Y103E,0.8494,pathogenic
Y103F,0.2212,benign
Y103G,0.6026,pathogenic
Y103H,0.4982,ambiguous
Y103I,0.585,pathogenic
Y103K,0.8206,pathogenic
Y103L,0.6312,pathogenic
Y103M,0.8029,pathogenic
Y103N,0.3258,benign
Y103P,0.8603,pathogenic
Y103Q,0.8316,pathogenic
Y103R,0.6786,pathogenic
Y103S,0.4402,ambiguous
Y103T,0.626,pathogenic
Y103V,0.5419,ambiguous
Y103W,0.5323,ambiguous
Y104A,0.4681,ambiguous
Y104C,0.1558,benign
Y104D,0.2534,benign
Y104E,0.5902,pathogenic
Y104F,0.1225,benign
Y104G,0.3922,ambiguous
Y104H,0.1549,benign
Y104I,0.401,ambiguous
Y104K,0.5292,ambiguous
Y104L,0.456,ambiguous
Y104M,0.6623,pathogenic
Y104N,0.2115,benign
Y104P,0.7415,pathogenic
Y104Q,0.4383,ambiguous
Y104R,0.3046,benign
Y104S,0.2132,benign
Y104T,0.4075,ambiguous
Y104V,0.354,ambiguous
Y104W,0.3077,benign
Y105A,0.295,benign
Y105C,0.0486,benign
Y105D,0.2112,benign
Y105E,0.4944,ambiguous
Y105F,0.1327,benign
Y105G,0.1748,benign
Y105H,0.1701,benign
Y105I,0.3137,benign
Y105K,0.4565,ambiguous
Y105L,0.358,ambiguous
Y105M,0.5419,ambiguous
Y105N,0.1778,benign
Y105P,0.4438,ambiguous
Y105Q,0.3644,ambiguous
Y105R,0.2087,benign
Y105S,0.1353,benign
Y105T,0.3261,benign
Y105V,0.2666,benign
Y105W,0.2218,benign
Q106A,0.1705,benign
Q106C,0.4979,ambiguous
Q106D,0.3064,benign
Q106E,0.0902,benign
Q106F,0.4508,ambiguous
Q106G,0.1865,benign
Q106H,0.2001,benign
Q106I,0.246,benign
Q106K,0.1289,benign
Q106L,0.1102,benign
Q106M,0.2965,benign
Q106N,0.2704,benign
Q106P,0.1879,benign
Q106R,0.1046,benign
Q106S,0.1778,benign
Q106T,0.1718,benign
Q106V,0.1682,benign
Q106W,0.3601,ambiguous
Q106Y,0.2775,benign
L107A,0.1024,benign
L107C,0.2748,benign
L107D,0.2084,benign
L107E,0.1307,benign
L107F,0.099,benign
L107G,0.1819,benign
L107H,0.1227,benign
L107I,0.0738,benign
L107K,0.118,benign
L107M,0.1006,benign
L107N,0.136,benign
L107P,0.1257,benign
L107Q,0.0845,benign
L107R,0.0862,benign
L107S,0.1059,benign
L107T,0.0993,benign
L107V,0.0691,benign
L107W,0.1131,benign
L107Y,0.1534,benign
I108A,0.0912,benign
I108C,0.3319,benign
I108D,0.1562,benign
I108E,0.1159,benign
I108F,0.072,benign
I108G,0.1537,benign
I108H,0.1451,benign
I108K,0.1046,benign
I108L,0.0722,benign
I108M,0.0734,benign
I108N,0.094,benign
I108P,0.1442,benign
I108Q,0.1016,benign
I108R,0.07,benign
I108S,0.0706,benign
I108T,0.0649,benign
I108V,0.0895,benign
I108W,0.1101,benign
I108Y,0.1182,benign
D109A,0.1172,benign
D109C,0.3381,benign
D109E,0.1427,benign
D109F,0.3154,benign
D109G,0.0825,benign
D109H,0.1306,benign
D109I,0.2272,benign
D109K,0.1796,benign
D109L,0.2207,benign
D109M,0.4746,ambiguous
D109N,0.0935,benign
D109P,0.2423,benign
D109Q,0.1588,benign
D109R,0.1421,benign
D109S,0.0926,benign
D109T,0.1594,benign
D109V,0.1562,benign
D109W,0.4648,ambiguous
D109Y,0.1044,benign
N110A,0.1184,benign
N110C,0.1998,benign
N110D,0.0763,benign
N110E,0.1485,benign
N110F,0.2258,benign
N110G,0.1313,benign
N110H,0.0841,benign
N110I,0.1108,benign
N110K,0.129,benign
N110L,0.135,benign
N110M,0.2337,benign
N110P,0.163,benign
N110Q,0.1604,benign
N110R,0.1125,benign
N110S,0.0677,benign
N110T,0.0904,benign
N110V,0.1321,benign
N110W,0.3102,benign
N110Y,0.0744,benign
H111A,0.0876,benign
H111C,0.1585,benign
H111D,0.0601,benign
H111E,0.1068,benign
H111F,0.149,benign
H111G,0.097,benign
H111I,0.1417,benign
H111K,0.103,benign
H111L,0.0853,benign
H111M,0.2237,benign
H111N,0.0594,benign
H111P,0.0688,benign
H111Q,0.0918,benign
H111R,0.0662,benign
H111S,0.069,benign
H111T,0.0845,benign
H111V,0.1148,benign
H111W,0.1769,benign
H111Y,0.0753,benign
A112C,0.3082,benign
A112D,0.08,benign
A112E,0.1008,benign
A112F,0.1542,benign
A112G,0.0824,benign
A112H,0.1838,benign
A112I,0.1291,benign
A112K,0.1567,benign
A112L,0.1109,benign
A112M,0.1769,benign
A112N,0.1115,benign
A112P,0.0841,benign
A112Q,0.1395,benign
A112R,0.1222,benign
A112S,0.0763,benign
A112T,0.0706,benign
A112V,0.091,benign
A112W,0.3043,benign
A112Y,0.1771,benign
T113A,0.0707,benign
T113C,0.3331,benign
T113D,0.131,benign
T113E,0.1248,benign
T113F,0.1349,benign
T113G,0.1163,benign
T113H,0.1409,benign
T113I,0.106,benign
T113K,0.1037,benign
T113L,0.0915,benign
T113M,0.1005,benign
T113N,0.0779,benign
T113P,0.0615,benign
T113Q,0.1038,benign
T113R,0.0792,benign
T113S,0.0775,benign
T113V,0.1167,benign
T113W,0.2388,benign
T113Y,0.1296,benign
Q114A,0.1435,benign
Q114C,0.5914,pathogenic
Q114D,0.1767,benign
Q114E,0.0688,benign
Q114F,0.5804,pathogenic
Q114G,0.1828,benign
Q114H,0.1721,benign
Q114I,0.3949,ambiguous
Q114K,0.0896,benign
Q114L,0.1255,benign
Q114M,0.3085,benign
Q114N,0.1921,benign
Q114P,0.0931,benign
Q114R,0.0844,benign
Q114S,0.1165,benign
Q114T,0.1558,benign
Q114V,0.2081,benign
Q114W,0.4077,ambiguous
Q114Y,0.2904,benign
