M1A,0.2984,benign
M1C,0.4381,ambiguous
M1D,0.8484,pathogenic
M1E,0.4653,ambiguous
M1F,0.3196,benign
M1G,0.4901,ambiguous
M1H,0.6451,pathogenic
M1I,0.479,ambiguous
M1K,0.3857,ambiguous
M1L,0.172,benign
M1N,0.6846,pathogenic
M1P,0.5969,pathogenic
M1Q,0.2171,benign
M1R,0.2646,benign
M1S,0.4046,ambiguous
M1T,0.3055,benign
M1V,0.124,benign
M1W,0.4036,ambiguous
M1Y,0.6476,pathogenic
E2A,0.1035,benign
E2C,0.6723,pathogenic
E2D,0.182,benign
E2F,0.4707,ambiguous
E2G,0.1248,benign
E2H,0.2931,benign
E2I,0.3183,benign
E2K,0.1611,benign
E2L,0.2841,benign
E2M,0.4403,ambiguous
E2N,0.2794,benign
E2P,0.217,benign
E2Q,0.1045,benign
E2R,0.1092,benign
E2S,0.1829,benign
E2T,0.1774,benign
E2V,0.1965,benign
E2W,0.6154,pathogenic
E2Y,0.3503,ambiguous
A3C,0.363,ambiguous
A3D,0.1323,benign
A3E,0.1321,benign
A3F,0.1424,benign
A3G,0.0931,benign
A3H,0.2624,benign
A3I,0.1557,benign
A3K,0.2264,benign
A3L,0.1376,benign
A3M,0.2357,benign
A3N,0.1655,benign
A3P,0.121,benign
A3Q,0.2078,benign
A3R,0.179,benign
A3S,0.0949,benign
A3T,0.0888,benign
A3V,0.1036,benign
A3W,0.4021,ambiguous
A3Y,0.2094,benign
P4A,0.0525,benign
P4C,0.3585,ambiguous
P4D,0.22,benign
P4E,0.1178,benign
P4F,0.3091,benign
P4G,0.1444,benign
P4H,0.125,benign
P4I,0.2383,benign
P4K,0.1536,benign
P4L,0.1415,benign
P4M,0.3148,benign
P4N,0.2221,benign
P4Q,0.0801,benign
P4R,0.084,benign
P4S,0.0809,benign
P4T,0.0645,benign
P4V,0.1616,benign
P4W,0.3018,benign
P4Y,0.2869,benign
A5C,0.3179,benign
A5D,0.244,benign
A5E,0.2006,benign
A5F,0.2151,benign
A5G,0.0903,benign
A5H,0.2876,benign
A5I,0.2529,benign
A5K,0.2884,benign
A5L,0.1696,benign
A5M,0.3621,ambiguous
A5N,0.2654,benign
A5P,0.1324,benign
A5Q,0.1998,benign
A5R,0.1676,benign
A5S,0.0975,benign
A5T,0.1014,benign
A5V,0.1497,benign
A5W,0.3558,ambiguous
A5Y,0.2944,benign
Q6A,0.124,benign
Q6C,0.4956,ambiguous
Q6D,0.3366,benign
Q6E,0.1011,benign
Q6F,0.3967,ambiguous
Q6G,0.1569,benign
Q6H,0.2062,benign
Q6I,0.2705,benign
Q6K,0.1515,benign
Q6L,0.1251,benign
Q6M,0.3484,ambiguous
Q6N,0.2817,benign
Q6P,0.0925,benign
Q6R,0.1049,benign
Q6S,0.1468,benign
Q6T,0.1481,benign
Q6V,0.1726,benign
Q6W,0.3144,benign
Q6Y,0.3337,benign
L7A,0.2116,benign
L7C,0.3453,ambiguous
L7D,0.5636,ambiguous
L7E,0.3631,ambiguous
L7F,0.1077,benign
L7G,0.2989,benign
L7H,0.269,benign
L7I,0.1038,benign
L7K,0.3267,benign
L7M,0.1686,benign
L7N,0.3946,ambiguous
L7P,0.2263,benign
L7Q,0.2365,benign
L7R,0.2059,benign
L7S,0.3191,benign
L7T,0.2517,benign
L7V,0.1035,benign
L7W,0.1832,benign
L7Y,0.2573,benign
L8A,0.1924,benign
L8C,0.2958,benign
L8D,0.6441,pathogenic
L8E,0.4466,ambiguous
L8F,0.1017,benign
L8G,0.2838,benign
L8H,0.2768,benign
L8I,0.1073,benign
L8K,0.4032,ambiguous
L8M,0.2069,benign
L8N,0.4439,ambiguous
L8P,0.1493,benign
L8Q,0.2274,benign
L8R,0.1983,benign
L8S,0.2767,benign
L8T,0.2288,benign
L8V,0.1115,benign
L8W,0.1808,benign
L8Y,0.3054,benign
F9A,0.2014,benign
F9C,0.1014,benign
F9D,0.6143,pathogenic
F9E,0.7111,pathogenic
F9G,0.2135,benign
F9H,0.4794,ambiguous
F9I,0.13,benign
F9K,0.7454,pathogenic
F9L,0.3792,ambiguous
F9M,0.3811,ambiguous
F9N,0.468,ambiguous
F9P,0.3902,ambiguous
F9Q,0.5665,pathogenic
F9R,0.56,ambiguous
F9S,0.1876,benign
F9T,0.2867,benign
F9V,0.1296,benign
F9W,0.2194,benign
F9Y,0.168,benign
L10A,0.1731,benign
L10C,0.2368,benign
L10D,0.6362,pathogenic
L10E,0.4885,ambiguous
L10F,0.0875,benign
L10G,0.2675,benign
L10H,0.2765,benign
L10I,0.1029,benign
L10K,0.4944,ambiguous
L10M,0.1781,benign
L10N,0.4132,ambiguous
L10P,0.1642,benign
L10Q,0.2516,benign
L10R,0.2824,benign
L10S,0.2022,benign
L10T,0.1896,benign
L10V,0.0975,benign
L10W,0.1674,benign
L10Y,0.2996,benign
L11A,0.2086,benign
L11C,0.3305,benign
L11D,0.7302,pathogenic
L11E,0.4996,ambiguous
L11F,0.1191,benign
L11G,0.3203,benign
L11H,0.3498,ambiguous
L11I,0.1449,benign
L11K,0.4922,ambiguous
L11M,0.1834,benign
L11N,0.5153,ambiguous
L11P,0.19,benign
L11Q,0.2585,benign
L11R,0.3183,benign
L11S,0.2891,benign
L11T,0.2663,benign
L11V,0.1254,benign
L11W,0.2222,benign
L11Y,0.3927,ambiguous
L12A,0.1877,benign
L12C,0.3133,benign
L12D,0.6862,pathogenic
L12E,0.447,ambiguous
L12F,0.1139,benign
L12G,0.2786,benign
L12H,0.3121,benign
L12I,0.1361,benign
L12K,0.4252,ambiguous
L12M,0.1497,benign
L12N,0.4699,ambiguous
L12P,0.1869,benign
L12Q,0.219,benign
L12R,0.2729,benign
L12S,0.2481,benign
L12T,0.2422,benign
L12V,0.1091,benign
L12W,0.2073,benign
L12Y,0.3691,ambiguous
L13A,0.2011,benign
L13C,0.3239,benign
L13D,0.6485,pathogenic
L13E,0.4088,ambiguous
L13F,0.1144,benign
L13G,0.2914,benign
L13H,0.2917,benign
L13I,0.142,benign
L13K,0.4162,ambiguous
L13M,0.1842,benign
L13N,0.4529,ambiguous
L13P,0.1719,benign
L13Q,0.2022,benign
L13R,0.2277,benign
L13S,0.2876,benign
L13T,0.2549,benign
L13V,0.1316,benign
L13W,0.1924,benign
L13Y,0.3734,ambiguous
W14A,0.2126,benign
W14C,0.2474,benign
W14D,0.607,pathogenic
W14E,0.5879,pathogenic
W14F,0.1489,benign
W14G,0.1295,benign
W14H,0.4552,ambiguous
W14I,0.2881,benign
W14K,0.7128,pathogenic
W14L,0.1466,benign
W14M,0.4367,ambiguous
W14N,0.5904,pathogenic
W14P,0.3814,ambiguous
W14Q,0.4834,ambiguous
W14R,0.4886,ambiguous
W14S,0.1904,benign
W14T,0.268,benign
W14V,0.2288,benign
W14Y,0.2832,benign
L15A,0.2008,benign
L15C,0.3623,ambiguous
L15D,0.548,ambiguous
L15E,0.3324,benign
L15F,0.1194,benign
L15G,0.3001,benign
L15H,0.2367,benign
L15I,0.0801,benign
L15K,0.3056,benign
L15M,0.1333,benign
L15N,0.3106,benign
L15P,0.1858,benign
L15Q,0.1831,benign
L15R,0.2195,benign
L15S,0.2622,benign
L15T,0.2265,benign
L15V,0.0967,benign
L15W,0.1893,benign
L15Y,0.2852,benign
P16A,0.0954,benign
P16C,0.4264,ambiguous
P16D,0.337,benign
P16E,0.2117,benign
P16F,0.5027,ambiguous
P16G,0.1833,benign
P16H,0.1971,benign
P16I,0.4177,ambiguous
P16K,0.2655,benign
P16L,0.1905,benign
P16M,0.418,ambiguous
P16N,0.3381,benign
P16Q,0.1319,benign
P16R,0.1348,benign
P16S,0.117,benign
P16T,0.1028,benign
P16V,0.282,benign
P16W,0.3928,ambiguous
P16Y,0.4294,ambiguous
D17A,0.0997,benign
D17C,0.3745,ambiguous
D17E,0.1618,benign
D17F,0.4151,ambiguous
D17G,0.0661,benign
D17H,0.2305,benign
D17I,0.3305,benign
D17K,0.3599,ambiguous
D17L,0.2838,benign
D17M,0.6061,pathogenic
D17N,0.1384,benign
D17P,0.297,benign
D17Q,0.2399,benign
D17R,0.2636,benign
D17S,0.1032,benign
D17T,0.2066,benign
D17V,0.1773,benign
D17W,0.65,pathogenic
D17Y,0.17,benign
T18A,0.0658,benign
T18C,0.3075,benign
T18D,0.2346,benign
T18E,0.245,benign
T18F,0.2426,benign
T18G,0.1408,benign
T18H,0.2154,benign
T18I,0.166,benign
T18K,0.2212,benign
T18L,0.152,benign
T18M,0.1531,benign
T18N,0.1305,benign
T18P,0.1145,benign
T18Q,0.2237,benign
T18R,0.1535,benign
T18S,0.0875,benign
T18V,0.1406,benign
T18W,0.4747,ambiguous
T18Y,0.2387,benign
T19A,0.0687,benign
T19C,0.3821,ambiguous
T19D,0.207,benign
T19E,0.155,benign
T19F,0.2266,benign
T19G,0.1275,benign
T19H,0.1551,benign
T19I,0.1968,benign
T19K,0.1115,benign
T19L,0.1383,benign
T19M,0.1419,benign
T19N,0.1218,benign
T19P,0.0853,benign
T19Q,0.1273,benign
T19R,0.0727,benign
T19S,0.089,benign
T19V,0.1615,benign
T19W,0.3388,benign
T19Y,0.2184,benign
G20A,0.1492,benign
G20C,0.3189,benign
G20D,0.3669,ambiguous
G20E,0.3247,benign
G20F,0.7954,pathogenic
G20H,0.6477,pathogenic
G20I,0.6835,pathogenic
G20K,0.6259,pathogenic
G20L,0.6129,pathogenic
G20M,0.7204,pathogenic
G20N,0.5841,pathogenic
G20P,0.6423,pathogenic
G20Q,0.4635,ambiguous
G20R,0.3616,ambiguous
G20S,0.2003,benign
G20T,0.3416,ambiguous
G20V,0.4303,ambiguous
G20W,0.5069,ambiguous
G20Y,0.6527,pathogenic
E21A,0.1365,benign
E21C,0.8543,pathogenic
E21D,0.1093,benign
E21F,0.761,pathogenic
E21G,0.1623,benign
E21H,0.4563,ambiguous
E21I,0.5662,pathogenic
E21K,0.2353,benign
E21L,0.4907,ambiguous
E21M,0.5825,pathogenic
E21N,0.2235,benign
E21P,0.5149,ambiguous
E21Q,0.1179,benign
E21R,0.2606,benign
E21S,0.1739,benign
E21T,0.2589,benign
E21V,0.3344,benign
E21W,0.8642,pathogenic
E21Y,0.5875,pathogenic
I22A,0.3014,benign
I22C,0.8591,pathogenic
I22D,0.5868,pathogenic
I22E,0.525,ambiguous
I22F,0.255,benign
I22G,0.6317,pathogenic
I22H,0.6327,pathogenic
I22K,0.4968,ambiguous
I22L,0.2741,benign
I22M,0.1546,benign
I22N,0.2514,benign
I22P,0.5603,ambiguous
I22Q,0.5472,ambiguous
I22R,0.3735,ambiguous
I22S,0.2996,benign
I22T,0.1448,benign
I22V,0.1354,benign
I22W,0.6844,pathogenic
I22Y,0.4621,ambiguous
V23A,0.208,benign
V23C,0.7796,pathogenic
V23D,0.3535,ambiguous
V23E,0.2105,benign
V23F,0.1655,benign
V23G,0.2292,benign
V23H,0.509,ambiguous
V23I,0.11,benign
V23K,0.3606,ambiguous
V23L,0.1645,benign
V23M,0.2029,benign
V23N,0.3355,benign
V23P,0.5361,ambiguous
V23Q,0.2138,benign
V23R,0.2392,benign
V23S,0.231,benign
V23T,0.174,benign
V23W,0.7365,pathogenic
V23Y,0.4916,ambiguous
L24A,0.5918,pathogenic
L24C,0.7967,pathogenic
L24D,0.9419,pathogenic
L24E,0.7,pathogenic
L24F,0.3769,ambiguous
L24G,0.7855,pathogenic
L24H,0.7626,pathogenic
L24I,0.2536,benign
L24K,0.6113,pathogenic
L24M,0.1099,benign
L24N,0.8498,pathogenic
L24P,0.6038,pathogenic
L24Q,0.455,ambiguous
L24R,0.489,ambiguous
L24S,0.7766,pathogenic
L24T,0.6015,pathogenic
L24V,0.1308,benign
L24W,0.6501,pathogenic
L24Y,0.7505,pathogenic
T25A,0.2505,benign
T25C,0.8182,pathogenic
T25D,0.5871,pathogenic
T25E,0.4063,ambiguous
T25F,0.4334,ambiguous
T25G,0.5058,ambiguous
T25H,0.3626,ambiguous
T25I,0.3904,ambiguous
T25K,0.352,ambiguous
T25L,0.2318,benign
T25M,0.2425,benign
T25N,0.2885,benign
T25P,0.3242,benign
T25Q,0.2886,benign
T25R,0.2422,benign
T25S,0.2279,benign
T25V,0.3951,ambiguous
T25W,0.6914,pathogenic
T25Y,0.4779,ambiguous
Q26A,0.4861,ambiguous
Q26C,0.9707,pathogenic
Q26D,0.8037,pathogenic
Q26E,0.2033,benign
Q26F,0.9448,pathogenic
Q26G,0.5928,pathogenic
Q26H,0.8425,pathogenic
Q26I,0.798,pathogenic
Q26K,0.5532,ambiguous
Q26L,0.5402,ambiguous
Q26M,0.7311,pathogenic
Q26N,0.7137,pathogenic
Q26P,0.4111,ambiguous
Q26R,0.4744,ambiguous
Q26S,0.5375,ambiguous
Q26T,0.5271,ambiguous
Q26V,0.6222,pathogenic
Q26W,0.9362,pathogenic
Q26Y,0.9225,pathogenic
S27A,0.1725,benign
S27C,0.4793,ambiguous
S27D,0.5493,ambiguous
S27E,0.5085,ambiguous
S27F,0.2729,benign
S27G,0.2655,benign
S27H,0.4443,ambiguous
S27I,0.303,benign
S27K,0.7543,pathogenic
S27L,0.2659,benign
S27M,0.3598,ambiguous
S27N,0.3377,benign
S27P,0.4139,ambiguous
S27Q,0.5624,ambiguous
S27R,0.7077,pathogenic
S27T,0.1021,benign
S27V,0.3383,benign
S27W,0.3739,ambiguous
S27Y,0.2262,benign
P28A,0.2232,benign
P28C,0.8789,pathogenic
P28D,0.69,pathogenic
P28E,0.5671,pathogenic
P28F,0.8277,pathogenic
P28G,0.5522,ambiguous
P28H,0.5409,ambiguous
P28I,0.7265,pathogenic
P28K,0.6628,pathogenic
P28L,0.3509,ambiguous
P28M,0.7256,pathogenic
P28N,0.7246,pathogenic
P28Q,0.4761,ambiguous
P28R,0.3976,ambiguous
P28S,0.3624,ambiguous
P28T,0.2961,benign
P28V,0.5491,ambiguous
P28W,0.8643,pathogenic
P28Y,0.8003,pathogenic
A29C,0.6518,pathogenic
A29D,0.1636,benign
A29E,0.1539,benign
A29F,0.3536,ambiguous
A29G,0.1077,benign
A29H,0.4132,ambiguous
A29I,0.3276,benign
A29K,0.339,benign
A29L,0.1993,benign
A29M,0.3608,ambiguous
A29N,0.2286,benign
A29P,0.1154,benign
A29Q,0.242,benign
A29R,0.2553,benign
A29S,0.0956,benign
A29T,0.1076,benign
A29V,0.154,benign
A29W,0.6932,pathogenic
A29Y,0.4477,ambiguous
T30A,0.0953,benign
T30C,0.5656,pathogenic
T30D,0.2875,benign
T30E,0.2704,benign
T30F,0.1515,benign
T30G,0.2156,benign
T30H,0.2101,benign
T30I,0.1624,benign
T30K,0.2711,benign
T30L,0.1222,benign
T30M,0.1481,benign
T30N,0.1369,benign
T30P,0.134,benign
T30Q,0.2287,benign
T30R,0.1804,benign
T30S,0.0935,benign
T30V,0.1503,benign
T30W,0.4749,ambiguous
T30Y,0.2052,benign
L31A,0.323,benign
L31C,0.7447,pathogenic
L31D,0.7714,pathogenic
L31E,0.4158,ambiguous
L31F,0.239,benign
L31G,0.6146,pathogenic
L31H,0.4337,ambiguous
L31I,0.1248,benign
L31K,0.3585,ambiguous
L31M,0.1958,benign
L31N,0.6408,pathogenic
L31P,0.4858,ambiguous
L31Q,0.2303,benign
L31R,0.2027,benign
L31S,0.4906,ambiguous
L31T,0.3659,ambiguous
L31V,0.1086,benign
L31W,0.4238,ambiguous
L31Y,0.5103,ambiguous
S32A,0.0949,benign
S32C,0.3257,benign
S32D,0.4826,ambiguous
S32E,0.4966,ambiguous
S32F,0.2254,benign
S32G,0.205,benign
S32H,0.3503,ambiguous
S32I,0.3027,benign
S32K,0.7249,pathogenic
S32L,0.1745,benign
S32M,0.3619,ambiguous
S32N,0.3148,benign
S32P,0.131,benign
S32Q,0.4522,ambiguous
S32R,0.5634,ambiguous
S32T,0.1299,benign
S32V,0.2669,benign
S32W,0.3372,benign
S32Y,0.2185,benign
L33A,0.1635,benign
L33C,0.5517,ambiguous
L33D,0.7043,pathogenic
L33E,0.3975,ambiguous
L33F,0.1952,benign
L33G,0.3552,ambiguous
L33H,0.3244,benign
L33I,0.1222,benign
L33K,0.2589,benign
L33M,0.1934,benign
L33N,0.5072,ambiguous
L33P,0.3014,benign
L33Q,0.1922,benign
L33R,0.1338,benign
L33S,0.2789,benign
L33T,0.2494,benign
L33V,0.0789,benign
L33W,0.4154,ambiguous
L33Y,0.4362,ambiguous
S34A,0.1051,benign
S34C,0.3431,ambiguous
S34D,0.4409,ambiguous
S34E,0.4593,ambiguous
S34F,0.1848,benign
S34G,0.1926,benign
S34H,0.298,benign
S34I,0.2422,benign
S34K,0.6126,pathogenic
S34L,0.156,benign
S34M,0.3285,benign
S34N,0.2842,benign
S34P,0.1454,benign
S34Q,0.4016,ambiguous
S34R,0.4921,ambiguous
S34T,0.1134,benign
S34V,0.2461,benign
S34W,0.2839,benign
S34Y,0.1765,benign
P35A,0.0986,benign
P35C,0.6641,pathogenic
P35D,0.5049,ambiguous
P35E,0.2684,benign
P35F,0.5283,ambiguous
P35G,0.3327,benign
P35H,0.2601,benign
P35I,0.2525,benign
P35K,0.2702,benign
P35L,0.107,benign
P35M,0.3455,ambiguous
P35N,0.4444,ambiguous
P35Q,0.1758,benign
P35R,0.1267,benign
P35S,0.1779,benign
P35T,0.1153,benign
P35V,0.1672,benign
P35W,0.5558,ambiguous
P35Y,0.5229,ambiguous
G36A,0.361,ambiguous
G36C,0.7575,pathogenic
G36D,0.5403,ambiguous
G36E,0.3803,ambiguous
G36F,0.8738,pathogenic
G36H,0.7175,pathogenic
G36I,0.8372,pathogenic
G36K,0.4933,ambiguous
G36L,0.732,pathogenic
G36M,0.7914,pathogenic
G36N,0.6816,pathogenic
G36P,0.9035,pathogenic
G36Q,0.4614,ambiguous
G36R,0.3276,benign
G36S,0.31,benign
G36T,0.4618,ambiguous
G36V,0.6532,pathogenic
G36W,0.6274,pathogenic
G36Y,0.8072,pathogenic
E37A,0.2294,benign
E37C,0.9302,pathogenic
E37D,0.1514,benign
E37F,0.8266,pathogenic
E37G,0.1649,benign
E37H,0.5675,pathogenic
E37I,0.6785,pathogenic
E37K,0.1958,benign
E37L,0.608,pathogenic
E37M,0.677,pathogenic
E37N,0.301,benign
E37P,0.775,pathogenic
E37Q,0.1179,benign
E37R,0.2524,benign
E37S,0.2274,benign
E37T,0.3702,ambiguous
E37V,0.4462,ambiguous
E37W,0.9101,pathogenic
E37Y,0.6974,pathogenic
R38A,0.2023,benign
R38C,0.5329,ambiguous
R38D,0.4409,ambiguous
R38E,0.1976,benign
R38F,0.5414,ambiguous
R38G,0.1349,benign
R38H,0.1677,benign
R38I,0.212,benign
R38K,0.0959,benign
R38L,0.2297,benign
R38M,0.1974,benign
R38N,0.34,ambiguous
R38P,0.2642,benign
R38Q,0.1146,benign
R38S,0.2137,benign
R38T,0.0744,benign
R38V,0.2702,benign
R38W,0.2301,benign
R38Y,0.4386,ambiguous
A39C,0.6988,pathogenic
A39D,0.6829,pathogenic
A39E,0.5961,pathogenic
A39F,0.5417,ambiguous
A39G,0.1886,benign
A39H,0.7917,pathogenic
A39I,0.3199,benign
A39K,0.7505,pathogenic
A39L,0.3023,benign
A39M,0.4655,ambiguous
A39N,0.6391,pathogenic
A39P,0.5786,pathogenic
A39Q,0.6386,pathogenic
A39R,0.6275,pathogenic
A39S,0.2293,benign
A39T,0.1983,benign
A39V,0.1221,benign
A39W,0.8969,pathogenic
A39Y,0.7051,pathogenic
T40A,0.1282,benign
T40C,0.735,pathogenic
T40D,0.4183,ambiguous
T40E,0.3648,ambiguous
T40F,0.2994,benign
T40G,0.3254,benign
T40H,0.293,benign
T40I,0.2142,benign
T40K,0.2828,benign
T40L,0.1863,benign
T40M,0.2159,benign
T40N,0.1837,benign
T40P,0.2661,benign
T40Q,0.2814,benign
T40R,0.1965,benign
T40S,0.1187,benign
T40V,0.2056,benign
T40W,0.6823,pathogenic
T40Y,0.362,ambiguous
L41A,0.6169,pathogenic
L41C,0.8155,pathogenic
L41D,0.9523,pathogenic
L41E,0.8445,pathogenic
L41F,0.201,benign
L41G,0.8605,pathogenic
L41H,0.7072,pathogenic
L41I,0.0948,benign
L41K,0.7892,pathogenic
L41M,0.2055,benign
L41N,0.8669,pathogenic
L41P,0.6781,pathogenic
L41Q,0.655,pathogenic
L41R,0.5943,pathogenic
L41S,0.8105,pathogenic
L41T,0.683,pathogenic
L41V,0.1369,benign
L41W,0.5165,ambiguous
L41Y,0.61,pathogenic
S42A,0.1505,benign
S42C,0.3455,ambiguous
S42D,0.4241,ambiguous
S42E,0.5109,ambiguous
S42F,0.266,benign
S42G,0.1702,benign
S42H,0.2659,benign
S42I,0.2652,benign
S42K,0.5736,pathogenic
S42L,0.2334,benign
S42M,0.3986,ambiguous
S42N,0.1737,benign
S42P,0.385,ambiguous
S42Q,0.4018,ambiguous
S42R,0.3966,ambiguous
S42T,0.1007,benign
S42V,0.3278,benign
S42W,0.3359,benign
S42Y,0.2091,benign
C43A,0.8695,pathogenic
C43D,0.9704,pathogenic
C43E,0.9858,pathogenic
C43F,0.6761,pathogenic
C43G,0.6251,pathogenic
C43H,0.9257,pathogenic
C43I,0.9269,pathogenic
C43K,0.9859,pathogenic
C43L,0.8492,pathogenic
C43M,0.9527,pathogenic
C43N,0.9535,pathogenic
C43P,0.9623,pathogenic
C43Q,0.9669,pathogenic
C43R,0.8473,pathogenic
C43S,0.8279,pathogenic
C43T,0.9364,pathogenic
C43V,0.8814,pathogenic
C43W,0.8329,pathogenic
C43Y,0.7986,pathogenic
R44A,0.3275,benign
R44C,0.4767,ambiguous
R44D,0.685,pathogenic
R44E,0.3138,benign
R44F,0.5913,pathogenic
R44G,0.2242,benign
R44H,0.1496,benign
R44I,0.2891,benign
R44K,0.1064,benign
R44L,0.2666,benign
R44M,0.3061,benign
R44N,0.5521,ambiguous
R44P,0.6983,pathogenic
R44Q,0.1086,benign
R44S,0.3683,ambiguous
R44T,0.1551,benign
R44V,0.347,ambiguous
R44W,0.2371,benign
R44Y,0.5374,ambiguous
A45C,0.7773,pathogenic
A45D,0.6987,pathogenic
A45E,0.7054,pathogenic
A45F,0.6884,pathogenic
A45G,0.1862,benign
A45H,0.8356,pathogenic
A45I,0.6325,pathogenic
A45K,0.8548,pathogenic
A45L,0.438,ambiguous
A45M,0.6202,pathogenic
A45N,0.6545,pathogenic
A45P,0.5619,ambiguous
A45Q,0.7526,pathogenic
A45R,0.7522,pathogenic
A45S,0.1427,benign
A45T,0.1887,benign
A45V,0.3191,benign
A45W,0.909,pathogenic
A45Y,0.7875,pathogenic
S46A,0.3122,benign
S46C,0.6656,pathogenic
S46D,0.5775,pathogenic
S46E,0.7628,pathogenic
S46F,0.7177,pathogenic
S46G,0.1774,benign
S46H,0.7036,pathogenic
S46I,0.5535,ambiguous
S46K,0.9073,pathogenic
S46L,0.5111,ambiguous
S46M,0.6758,pathogenic
S46N,0.3415,ambiguous
S46P,0.6408,pathogenic
S46Q,0.7879,pathogenic
S46R,0.8197,pathogenic
S46T,0.1968,benign
S46V,0.6334,pathogenic
S46W,0.6974,pathogenic
S46Y,0.6406,pathogenic
Q47A,0.2052,benign
Q47C,0.8573,pathogenic
Q47D,0.3403,ambiguous
Q47E,0.0797,benign
Q47F,0.7387,pathogenic
Q47G,0.2236,benign
Q47H,0.3489,ambiguous
Q47I,0.5064,ambiguous
Q47K,0.1255,benign
Q47L,0.2409,benign
Q47M,0.4812,ambiguous
Q47N,0.3172,benign
Q47P,0.2443,benign
Q47R,0.1033,benign
Q47S,0.1772,benign
Q47T,0.1896,benign
Q47V,0.3081,benign
Q47W,0.5839,pathogenic
Q47Y,0.5537,ambiguous
G48A,0.1047,benign
G48C,0.4582,ambiguous
G48D,0.1107,benign
G48E,0.1852,benign
G48F,0.4123,ambiguous
G48H,0.2703,benign
G48I,0.2455,benign
G48K,0.3347,benign
G48L,0.3117,benign
G48M,0.3874,ambiguous
G48N,0.1356,benign
G48P,0.3083,benign
G48Q,0.2825,benign
G48R,0.2174,benign
G48S,0.0677,benign
G48T,0.1096,benign
G48V,0.1886,benign
G48W,0.2741,benign
G48Y,0.2252,benign
S48A,0.1354,benign
S48C,0.5062,ambiguous
S48D,0.1967,benign
S48E,0.3242,benign
S48F,0.358,ambiguous
S48G,0.0925,benign
S48H,0.298,benign
S48I,0.2853,benign
S48K,0.445,ambiguous
S48L,0.2875,benign
S48M,0.3554,ambiguous
S48N,0.1276,benign
S48P,0.1739,benign
S48Q,0.379,ambiguous
S48R,0.3492,ambiguous
S48T,0.1181,benign
S48V,0.3202,benign
S48W,0.3281,benign
S48Y,0.2004,benign
V49A,0.3647,ambiguous
V49C,0.8399,pathogenic
V49D,0.657,pathogenic
V49E,0.6368,pathogenic
V49F,0.2677,benign
V49G,0.3734,ambiguous
V49H,0.8095,pathogenic
V49I,0.08,benign
V49K,0.7017,pathogenic
V49L,0.1727,benign
V49M,0.3306,benign
V49N,0.5604,ambiguous
V49P,0.5118,ambiguous
V49Q,0.6444,pathogenic
V49R,0.5274,ambiguous
V49S,0.4683,ambiguous
V49T,0.4368,ambiguous
V49W,0.8394,pathogenic
V49Y,0.6737,pathogenic
S50A,0.1368,benign
S50C,0.4278,ambiguous
S50D,0.2501,benign
S50E,0.3764,ambiguous
S50F,0.2749,benign
S50G,0.0716,benign
S50H,0.2749,benign
S50I,0.3055,benign
S50K,0.4042,ambiguous
S50L,0.2622,benign
S50M,0.364,ambiguous
S50N,0.1389,benign
S50P,0.2861,benign
S50Q,0.3533,ambiguous
S50R,0.2949,benign
S50T,0.1241,benign
S50V,0.3232,benign
S50W,0.2936,benign
S50Y,0.1552,benign
S51A,0.1325,benign
S51C,0.4017,ambiguous
S51D,0.1989,benign
S51E,0.3396,benign
S51F,0.3148,benign
S51G,0.0887,benign
S51H,0.2283,benign
S51I,0.2543,benign
S51K,0.3053,benign
S51L,0.2566,benign
S51M,0.3713,ambiguous
S51N,0.1002,benign
S51P,0.1917,benign
S51Q,0.303,benign
S51R,0.2283,benign
S51T,0.1032,benign
S51V,0.2824,benign
S51W,0.2898,benign
S51Y,0.1664,benign
Y52A,0.2827,benign
Y52C,0.347,ambiguous
Y52D,0.1883,benign
Y52E,0.5318,ambiguous
Y52F,0.1465,benign
Y52G,0.2932,benign
Y52H,0.2179,benign
Y52I,0.4606,ambiguous
Y52K,0.5155,ambiguous
Y52L,0.417,ambiguous
Y52M,0.5861,pathogenic
Y52N,0.1461,benign
Y52P,0.6503,pathogenic
Y52Q,0.4329,ambiguous
Y52R,0.3159,benign
Y52S,0.1191,benign
Y52T,0.3161,benign
Y52V,0.3579,ambiguous
Y52W,0.2483,benign
L53A,0.5274,ambiguous
L53C,0.8041,pathogenic
L53D,0.9521,pathogenic
L53E,0.7893,pathogenic
L53F,0.3012,benign
L53G,0.8154,pathogenic
L53H,0.7114,pathogenic
L53I,0.1477,benign
L53K,0.6879,pathogenic
L53M,0.1627,benign
L53N,0.8681,pathogenic
L53P,0.4542,ambiguous
L53Q,0.5573,ambiguous
L53R,0.4889,ambiguous
L53S,0.7882,pathogenic
L53T,0.5245,ambiguous
L53V,0.1143,benign
L53W,0.5772,pathogenic
L53Y,0.7271,pathogenic
A54C,0.4859,ambiguous
A54D,0.3362,benign
A54E,0.4981,ambiguous
A54F,0.3564,ambiguous
A54G,0.151,benign
A54H,0.3574,ambiguous
A54I,0.5509,ambiguous
A54K,0.7529,pathogenic
A54L,0.3279,benign
A54M,0.5662,pathogenic
A54N,0.2483,benign
A54P,0.6827,pathogenic
A54Q,0.4214,ambiguous
A54R,0.5158,ambiguous
A54S,0.096,benign
A54T,0.2203,benign
A54V,0.3208,benign
A54W,0.6532,pathogenic
A54Y,0.3599,ambiguous
W55A,0.8563,pathogenic
W55C,0.917,pathogenic
W55D,0.9735,pathogenic
W55E,0.965,pathogenic
W55F,0.4903,ambiguous
W55G,0.6601,pathogenic
W55H,0.9411,pathogenic
W55I,0.8936,pathogenic
W55K,0.9794,pathogenic
W55L,0.71,pathogenic
W55M,0.9332,pathogenic
W55N,0.9685,pathogenic
W55P,0.9511,pathogenic
W55Q,0.9692,pathogenic
W55R,0.9271,pathogenic
W55S,0.7705,pathogenic
W55T,0.876,pathogenic
W55V,0.8384,pathogenic
W55Y,0.7373,pathogenic
Y56A,0.8784,pathogenic
Y56C,0.6572,pathogenic
Y56D,0.8295,pathogenic
Y56E,0.9127,pathogenic
Y56F,0.1955,benign
Y56G,0.8332,pathogenic
Y56H,0.6088,pathogenic
Y56I,0.7229,pathogenic
Y56K,0.9071,pathogenic
Y56L,0.6296,pathogenic
Y56M,0.8031,pathogenic
Y56N,0.6117,pathogenic
Y56P,0.9739,pathogenic
Y56Q,0.8811,pathogenic
Y56R,0.828,pathogenic
Y56S,0.7428,pathogenic
Y56T,0.8638,pathogenic
Y56V,0.6535,pathogenic
Y56W,0.5804,pathogenic
Q57A,0.5086,ambiguous
Q57C,0.8859,pathogenic
Q57D,0.9409,pathogenic
Q57E,0.2079,benign
Q57F,0.8938,pathogenic
Q57G,0.6737,pathogenic
Q57H,0.6785,pathogenic
Q57I,0.5812,pathogenic
Q57K,0.2555,benign
Q57L,0.2523,benign
Q57M,0.6092,pathogenic
Q57N,0.855,pathogenic
Q57P,0.8056,pathogenic
Q57R,0.1776,benign
Q57S,0.6696,pathogenic
Q57T,0.5726,pathogenic
Q57V,0.4101,ambiguous
Q57W,0.7804,pathogenic
Q57Y,0.8439,pathogenic
Q58A,0.4492,ambiguous
Q58C,0.8984,pathogenic
Q58D,0.758,pathogenic
Q58E,0.1542,benign
Q58F,0.7932,pathogenic
Q58G,0.5371,ambiguous
Q58H,0.4683,ambiguous
Q58I,0.6009,pathogenic
Q58K,0.2224,benign
Q58L,0.2946,benign
Q58M,0.492,ambiguous
Q58N,0.6307,pathogenic
Q58P,0.7682,pathogenic
Q58R,0.2331,benign
Q58S,0.5649,pathogenic
Q58T,0.5072,ambiguous
Q58V,0.4183,ambiguous
Q58W,0.7056,pathogenic
Q58Y,0.6875,pathogenic
K59A,0.5723,pathogenic
K59C,0.872,pathogenic
K59D,0.7963,pathogenic
K59E,0.3854,ambiguous
K59F,0.7323,pathogenic
K59G,0.6716,pathogenic
K59H,0.4086,ambiguous
K59I,0.3655,ambiguous
K59L,0.3826,ambiguous
K59M,0.3478,ambiguous
K59N,0.6176,pathogenic
K59P,0.7397,pathogenic
K59Q,0.2457,benign
K59R,0.1084,benign
K59S,0.6795,pathogenic
K59T,0.3704,ambiguous
K59V,0.4307,ambiguous
K59W,0.7611,pathogenic
K59Y,0.5823,pathogenic
P60A,0.1,benign
P60C,0.7181,pathogenic
P60D,0.2967,benign
P60E,0.2309,benign
P60F,0.5365,ambiguous
P60G,0.2944,benign
P60H,0.2418,benign
P60I,0.3665,ambiguous
P60K,0.2912,benign
P60L,0.1523,benign
P60M,0.3898,ambiguous
P60N,0.3183,benign
P60Q,0.1972,benign
P60R,0.1563,benign
P60S,0.16,benign
P60T,0.1345,benign
P60V,0.2532,benign
P60W,0.5446,ambiguous
P60Y,0.4505,ambiguous
G61A,0.2896,benign
G61C,0.5568,ambiguous
G61D,0.277,benign
G61E,0.3296,benign
G61F,0.7026,pathogenic
G61H,0.5349,ambiguous
G61I,0.6373,pathogenic
G61K,0.6082,pathogenic
G61L,0.5992,pathogenic
G61M,0.7386,pathogenic
G61N,0.4064,ambiguous
G61P,0.8407,pathogenic
G61Q,0.4403,ambiguous
G61R,0.3693,ambiguous
G61S,0.1952,benign
G61T,0.3943,ambiguous
G61V,0.4718,ambiguous
G61W,0.499,ambiguous
G61Y,0.5813,pathogenic
Q62A,0.1993,benign
Q62C,0.8019,pathogenic
Q62D,0.3768,ambiguous
Q62E,0.0737,benign
Q62F,0.6584,pathogenic
Q62G,0.2362,benign
Q62H,0.3129,benign
Q62I,0.4127,ambiguous
Q62K,0.0988,benign
Q62L,0.1503,benign
Q62M,0.3388,benign
Q62N,0.3318,benign
Q62P,0.3815,ambiguous
Q62R,0.1025,benign
Q62S,0.2532,benign
Q62T,0.2067,benign
Q62V,0.2574,benign
Q62W,0.5257,ambiguous
Q62Y,0.5308,ambiguous
A63C,0.6782,pathogenic
A63D,0.2473,benign
A63E,0.2433,benign
A63F,0.3492,ambiguous
A63G,0.1456,benign
A63H,0.3977,ambiguous
A63I,0.3088,benign
A63K,0.3547,ambiguous
A63L,0.2134,benign
A63M,0.3606,ambiguous
A63N,0.2565,benign
A63P,0.0851,benign
A63Q,0.2828,benign
A63R,0.2605,benign
A63S,0.0942,benign
A63T,0.1297,benign
A63V,0.1529,benign
A63W,0.6854,pathogenic
A63Y,0.401,ambiguous
P64A,0.32,benign
P64C,0.874,pathogenic
P64D,0.8858,pathogenic
P64E,0.7792,pathogenic
P64F,0.8719,pathogenic
P64G,0.7099,pathogenic
P64H,0.6802,pathogenic
P64I,0.7288,pathogenic
P64K,0.806,pathogenic
P64L,0.3474,ambiguous
P64M,0.7848,pathogenic
P64N,0.836,pathogenic
P64Q,0.6408,pathogenic
P64R,0.5567,ambiguous
P64S,0.5175,ambiguous
P64T,0.45,ambiguous
P64V,0.5942,pathogenic
P64W,0.8872,pathogenic
P64Y,0.8513,pathogenic
R65A,0.2867,benign
R65C,0.3203,benign
R65D,0.5811,pathogenic
R65E,0.2713,benign
R65F,0.4858,ambiguous
R65G,0.2375,benign
R65H,0.1349,benign
R65I,0.2105,benign
R65K,0.1095,benign
R65L,0.1942,benign
R65M,0.2651,benign
R65N,0.4536,ambiguous
R65P,0.6696,pathogenic
R65Q,0.1029,benign
R65S,0.3039,benign
R65T,0.173,benign
R65V,0.2513,benign
R65W,0.1944,benign
R65Y,0.3735,ambiguous
L66A,0.5166,ambiguous
L66C,0.7244,pathogenic
L66D,0.8365,pathogenic
L66E,0.6378,pathogenic
L66F,0.3426,ambiguous
L66G,0.5889,pathogenic
L66H,0.5404,ambiguous
L66I,0.2841,benign
L66K,0.4729,ambiguous
L66M,0.3259,benign
L66N,0.5786,pathogenic
L66P,0.3608,ambiguous
L66Q,0.4149,ambiguous
L66R,0.2979,benign
L66S,0.6294,pathogenic
L66T,0.5204,ambiguous
L66V,0.2799,benign
L66W,0.4371,ambiguous
L66Y,0.4667,ambiguous
L67A,0.7435,pathogenic
L67C,0.872,pathogenic
L67D,0.9729,pathogenic
L67E,0.9031,pathogenic
L67F,0.4864,ambiguous
L67G,0.9064,pathogenic
L67H,0.8302,pathogenic
L67I,0.1758,benign
L67K,0.8583,pathogenic
L67M,0.3706,ambiguous
L67N,0.9229,pathogenic
L67P,0.702,pathogenic
L67Q,0.7474,pathogenic
L67R,0.6963,pathogenic
L67S,0.9062,pathogenic
L67T,0.7881,pathogenic
L67V,0.1603,benign
L67W,0.7172,pathogenic
L67Y,0.813,pathogenic
I68A,0.7597,pathogenic
I68C,0.8592,pathogenic
I68D,0.9311,pathogenic
I68E,0.9017,pathogenic
I68F,0.2499,benign
I68G,0.8656,pathogenic
I68H,0.7836,pathogenic
I68K,0.8151,pathogenic
I68L,0.1626,benign
I68M,0.2242,benign
I68N,0.6458,pathogenic
I68P,0.843,pathogenic
I68Q,0.778,pathogenic
I68R,0.6582,pathogenic
I68S,0.6546,pathogenic
I68T,0.7017,pathogenic
I68V,0.2401,benign
I68W,0.7865,pathogenic
I68Y,0.6295,pathogenic
Y69A,0.4605,ambiguous
Y69C,0.3185,benign
Y69D,0.4017,ambiguous
Y69E,0.6592,pathogenic
Y69F,0.1641,benign
Y69G,0.4069,ambiguous
Y69H,0.238,benign
Y69I,0.5858,pathogenic
Y69K,0.559,ambiguous
Y69L,0.5698,pathogenic
Y69M,0.68,pathogenic
Y69N,0.2749,benign
Y69P,0.8525,pathogenic
Y69Q,0.4894,ambiguous
Y69R,0.3262,benign
Y69S,0.2033,benign
Y69T,0.3992,ambiguous
Y69V,0.4844,ambiguous
Y69W,0.2729,benign
D70A,0.1639,benign
D70C,0.6517,pathogenic
D70E,0.2596,benign
D70F,0.4864,ambiguous
D70G,0.1008,benign
D70H,0.2419,benign
D70I,0.5489,ambiguous
D70K,0.3411,ambiguous
D70L,0.4033,ambiguous
D70M,0.7047,pathogenic
D70N,0.1407,benign
D70P,0.7484,pathogenic
D70Q,0.2733,benign
D70R,0.2497,benign
D70S,0.1174,benign
D70T,0.3182,benign
D70V,0.3965,ambiguous
D70W,0.6093,pathogenic
D70Y,0.1386,benign
A71C,0.5952,pathogenic
A71D,0.4278,ambiguous
A71E,0.4944,ambiguous
A71F,0.4326,ambiguous
A71G,0.1247,benign
A71H,0.6146,pathogenic
A71I,0.3186,benign
A71K,0.5705,pathogenic
A71L,0.3172,benign
A71M,0.4603,ambiguous
A71N,0.3399,benign
A71P,0.4133,ambiguous
A71Q,0.5147,ambiguous
A71R,0.3808,ambiguous
A71S,0.1251,benign
A71T,0.1073,benign
A71V,0.1677,benign
A71W,0.778,pathogenic
A71Y,0.514,ambiguous
S72A,0.1453,benign
S72C,0.4168,ambiguous
S72D,0.3803,ambiguous
S72E,0.5211,ambiguous
S72F,0.3461,ambiguous
S72G,0.1303,benign
S72H,0.4365,ambiguous
S72I,0.4461,ambiguous
S72K,0.5985,pathogenic
S72L,0.3046,benign
S72M,0.4664,ambiguous
S72N,0.2195,benign
S72P,0.4005,ambiguous
S72Q,0.4975,ambiguous
S72R,0.4932,ambiguous
S72T,0.1059,benign
S72V,0.3986,ambiguous
S72W,0.3491,ambiguous
S72Y,0.2426,benign
N73A,0.1959,benign
N73C,0.4834,ambiguous
N73D,0.1907,benign
N73E,0.2922,benign
N73F,0.3896,ambiguous
N73G,0.2686,benign
N73H,0.1086,benign
N73I,0.199,benign
N73K,0.1815,benign
N73L,0.2258,benign
N73M,0.3595,ambiguous
N73P,0.5919,pathogenic
N73Q,0.2157,benign
N73R,0.1427,benign
N73S,0.0741,benign
N73T,0.1025,benign
N73V,0.1909,benign
N73W,0.489,ambiguous
N73Y,0.1207,benign
R74A,0.3894,ambiguous
R74C,0.3605,ambiguous
R74D,0.7416,pathogenic
R74E,0.3991,ambiguous
R74F,0.6261,pathogenic
R74G,0.3303,benign
R74H,0.1888,benign
R74I,0.2918,benign
R74K,0.1896,benign
R74L,0.1644,benign
R74M,0.3944,ambiguous
R74N,0.678,pathogenic
R74P,0.3828,ambiguous
R74Q,0.1471,benign
R74S,0.5704,pathogenic
R74T,0.2556,benign
R74V,0.3657,ambiguous
R74W,0.2178,benign
R74Y,0.4726,ambiguous
A75C,0.7131,pathogenic
A75D,0.2483,benign
A75E,0.2486,benign
A75F,0.2508,benign
A75G,0.186,benign
A75H,0.3934,ambiguous
A75I,0.3363,benign
A75K,0.4878,ambiguous
A75L,0.2495,benign
A75M,0.4026,ambiguous
A75N,0.2681,benign
A75P,0.1901,benign
A75Q,0.2995,benign
A75R,0.3646,ambiguous
A75S,0.144,benign
A75T,0.1893,benign
A75V,0.1783,benign
A75W,0.6865,pathogenic
A75Y,0.3295,benign
T76A,0.0759,benign
T76C,0.7125,pathogenic
T76D,0.1819,benign
T76E,0.2046,benign
T76F,0.2827,benign
T76G,0.1644,benign
T76H,0.2797,benign
T76I,0.2522,benign
T76K,0.2155,benign
T76L,0.1591,benign
T76M,0.1888,benign
T76N,0.1231,benign
T76P,0.0679,benign
T76Q,0.2278,benign
T76R,0.1599,benign
T76S,0.0804,benign
T76V,0.214,benign
T76W,0.5137,ambiguous
T76Y,0.3026,benign
G77A,0.2727,benign
G77C,0.5795,pathogenic
G77D,0.1743,benign
G77E,0.3848,ambiguous
G77F,0.7718,pathogenic
G77H,0.573,pathogenic
G77I,0.6187,pathogenic
G77K,0.7293,pathogenic
G77L,0.7159,pathogenic
G77M,0.8105,pathogenic
G77N,0.3362,benign
G77P,0.8136,pathogenic
G77Q,0.5753,pathogenic
G77R,0.4974,ambiguous
G77S,0.173,benign
G77T,0.3627,ambiguous
G77V,0.4354,ambiguous
G77W,0.5752,pathogenic
G77Y,0.5861,pathogenic
I78A,0.6803,pathogenic
I78C,0.8687,pathogenic
I78D,0.8107,pathogenic
I78E,0.7731,pathogenic
I78F,0.2281,benign
I78G,0.8459,pathogenic
I78H,0.7303,pathogenic
I78K,0.7409,pathogenic
I78L,0.2777,benign
I78M,0.2724,benign
I78N,0.3948,ambiguous
I78P,0.8007,pathogenic
I78Q,0.7302,pathogenic
I78R,0.6349,pathogenic
I78S,0.4757,ambiguous
I78T,0.3712,ambiguous
I78V,0.1225,benign
I78W,0.8639,pathogenic
I78Y,0.618,pathogenic
P79A,0.1512,benign
P79C,0.8251,pathogenic
P79D,0.6116,pathogenic
P79E,0.5368,ambiguous
P79F,0.7992,pathogenic
P79G,0.4833,ambiguous
P79H,0.4296,ambiguous
P79I,0.726,pathogenic
P79K,0.6208,pathogenic
P79L,0.2942,benign
P79M,0.7016,pathogenic
P79N,0.6202,pathogenic
P79Q,0.4272,ambiguous
P79R,0.377,ambiguous
P79S,0.1902,benign
P79T,0.2253,benign
P79V,0.5509,ambiguous
P79W,0.8206,pathogenic
P79Y,0.7651,pathogenic
A80C,0.6517,pathogenic
A80D,0.0756,benign
A80E,0.1252,benign
A80F,0.3539,ambiguous
A80G,0.1092,benign
A80H,0.3369,benign
A80I,0.3381,benign
A80K,0.3444,ambiguous
A80L,0.1992,benign
A80M,0.3969,ambiguous
A80N,0.1455,benign
A80P,0.103,benign
A80Q,0.2153,benign
A80R,0.2547,benign
A80S,0.0731,benign
A80T,0.1029,benign
A80V,0.1523,benign
A80W,0.6526,pathogenic
A80Y,0.3796,ambiguous
R81A,0.5201,ambiguous
R81C,0.3787,ambiguous
R81D,0.7657,pathogenic
R81E,0.5347,ambiguous
R81F,0.7404,pathogenic
R81G,0.378,ambiguous
R81H,0.2207,benign
R81I,0.449,ambiguous
R81K,0.3128,benign
R81L,0.4231,ambiguous
R81M,0.6233,pathogenic
R81N,0.7214,pathogenic
R81P,0.6187,pathogenic
R81Q,0.2071,benign
R81S,0.5804,pathogenic
R81T,0.4309,ambiguous
R81V,0.5416,ambiguous
R81W,0.2999,benign
R81Y,0.565,pathogenic
F82A,0.9321,pathogenic
F82C,0.9071,pathogenic
F82D,0.9633,pathogenic
F82E,0.9696,pathogenic
F82G,0.9556,pathogenic
F82H,0.8906,pathogenic
F82I,0.5361,ambiguous
F82K,0.9659,pathogenic
F82L,0.9604,pathogenic
F82M,0.9057,pathogenic
F82N,0.9304,pathogenic
F82P,0.9849,pathogenic
F82Q,0.9646,pathogenic
F82R,0.9245,pathogenic
F82S,0.8935,pathogenic
F82T,0.9285,pathogenic
F82V,0.6336,pathogenic
F82W,0.7265,pathogenic
F82Y,0.4224,ambiguous
S83A,0.134,benign
S83C,0.3672,ambiguous
S83D,0.5405,ambiguous
S83E,0.4838,ambiguous
S83F,0.305,benign
S83G,0.1491,benign
S83H,0.3734,ambiguous
S83I,0.2111,benign
S83K,0.6014,pathogenic
S83L,0.2037,benign
S83M,0.3548,ambiguous
S83N,0.3113,benign
S83P,0.516,ambiguous
S83Q,0.4315,ambiguous
S83R,0.375,ambiguous
S83T,0.0923,benign
S83V,0.2834,benign
S83W,0.3568,ambiguous
S83Y,0.2969,benign
G84A,0.2376,benign
G84C,0.6348,pathogenic
G84D,0.7437,pathogenic
G84E,0.7989,pathogenic
G84F,0.855,pathogenic
G84H,0.8782,pathogenic
G84I,0.648,pathogenic
G84K,0.9057,pathogenic
G84L,0.7546,pathogenic
G84M,0.8815,pathogenic
G84N,0.8279,pathogenic
G84P,0.8934,pathogenic
G84Q,0.8462,pathogenic
G84R,0.713,pathogenic
G84S,0.2434,benign
G84T,0.5217,ambiguous
G84V,0.5009,ambiguous
G84W,0.8079,pathogenic
G84Y,0.8264,pathogenic
S85A,0.1431,benign
S85C,0.375,ambiguous
S85D,0.3786,ambiguous
S85E,0.3714,ambiguous
S85F,0.323,benign
S85G,0.1058,benign
S85H,0.3189,benign
S85I,0.2359,benign
S85K,0.451,ambiguous
S85L,0.2458,benign
S85M,0.3419,ambiguous
S85N,0.2083,benign
S85P,0.5384,ambiguous
S85Q,0.3681,ambiguous
S85R,0.2819,benign
S85T,0.1129,benign
S85V,0.3129,benign
S85W,0.357,ambiguous
S85Y,0.2778,benign
G86A,0.2135,benign
G86C,0.4703,ambiguous
G86D,0.4956,ambiguous
G86E,0.4157,ambiguous
G86F,0.5428,ambiguous
G86H,0.5143,ambiguous
G86I,0.3525,ambiguous
G86K,0.4716,ambiguous
G86L,0.4135,ambiguous
G86M,0.5818,pathogenic
G86N,0.5381,ambiguous
G86P,0.7683,pathogenic
G86Q,0.4307,ambiguous
G86R,0.3105,benign
G86S,0.2085,benign
G86T,0.3484,ambiguous
G86V,0.2872,benign
G86W,0.4424,ambiguous
G86Y,0.4752,ambiguous
P87A,0.045,benign
P87C,0.3537,ambiguous
P87D,0.1978,benign
P87E,0.1983,benign
P87F,0.1577,benign
P87G,0.0888,benign
P87H,0.1547,benign
P87I,0.2501,benign
P87K,0.2714,benign
P87L,0.1317,benign
P87M,0.2836,benign
P87N,0.1534,benign
P87Q,0.1831,benign
P87R,0.1429,benign
P87S,0.0311,benign
P87T,0.0612,benign
P87V,0.1736,benign
P87W,0.2531,benign
P87Y,0.132,benign
G88A,0.1767,benign
G88C,0.5026,ambiguous
G88D,0.2492,benign
G88E,0.2329,benign
G88F,0.5805,pathogenic
G88H,0.485,ambiguous
G88I,0.458,ambiguous
G88K,0.455,ambiguous
G88L,0.467,ambiguous
G88M,0.5976,pathogenic
G88N,0.375,ambiguous
G88P,0.7062,pathogenic
G88Q,0.3477,ambiguous
G88R,0.279,benign
G88S,0.1683,benign
G88T,0.2871,benign
G88V,0.2994,benign
G88W,0.4344,ambiguous
G88Y,0.4581,ambiguous
T89A,0.131,benign
T89C,0.7426,pathogenic
T89D,0.3796,ambiguous
T89E,0.308,benign
T89F,0.4093,ambiguous
T89G,0.2347,benign
T89H,0.3393,benign
T89I,0.3549,ambiguous
T89K,0.1742,benign
T89L,0.1878,benign
T89M,0.1866,benign
T89N,0.1747,benign
T89P,0.1488,benign
T89Q,0.2404,benign
T89R,0.1173,benign
T89S,0.1548,benign
T89V,0.3045,benign
T89W,0.5746,pathogenic
T89Y,0.3802,ambiguous
D90A,0.1704,benign
D90C,0.7684,pathogenic
D90E,0.1882,benign
D90F,0.6038,pathogenic
D90G,0.2299,benign
D90H,0.2786,benign
D90I,0.3787,ambiguous
D90K,0.4324,ambiguous
D90L,0.4322,ambiguous
D90M,0.733,pathogenic
D90N,0.1254,benign
D90P,0.6469,pathogenic
D90Q,0.3138,benign
D90R,0.342,ambiguous
D90S,0.14,benign
D90T,0.2419,benign
D90V,0.2134,benign
D90W,0.8349,pathogenic
D90Y,0.2111,benign
F91A,0.7973,pathogenic
F91C,0.7379,pathogenic
F91D,0.8903,pathogenic
F91E,0.9533,pathogenic
F91G,0.8531,pathogenic
F91H,0.7696,pathogenic
F91I,0.5573,ambiguous
F91K,0.933,pathogenic
F91L,0.9356,pathogenic
F91M,0.8418,pathogenic
F91N,0.8291,pathogenic
F91P,0.9851,pathogenic
F91Q,0.92,pathogenic
F91R,0.8291,pathogenic
F91S,0.707,pathogenic
F91T,0.8195,pathogenic
F91V,0.5159,ambiguous
F91W,0.6378,pathogenic
F91Y,0.1778,benign
T92A,0.1481,benign
T92C,0.6606,pathogenic
T92D,0.4691,ambiguous
T92E,0.4417,ambiguous
T92F,0.2642,benign
T92G,0.3775,ambiguous
T92H,0.2518,benign
T92I,0.2212,benign
T92K,0.3252,benign
T92L,0.1623,benign
T92M,0.2159,benign
T92N,0.1925,benign
T92P,0.2331,benign
T92Q,0.3023,benign
T92R,0.2044,benign
T92S,0.1237,benign
T92V,0.2443,benign
T92W,0.5856,pathogenic
T92Y,0.291,benign
L93A,0.7127,pathogenic
L93C,0.8389,pathogenic
L93D,0.9659,pathogenic
L93E,0.8971,pathogenic
L93F,0.2322,benign
L93G,0.8589,pathogenic
L93H,0.7867,pathogenic
L93I,0.2859,benign
L93K,0.8229,pathogenic
L93M,0.2907,benign
L93N,0.9142,pathogenic
L93P,0.7641,pathogenic
L93Q,0.7303,pathogenic
L93R,0.6403,pathogenic
L93S,0.8934,pathogenic
L93T,0.7974,pathogenic
L93V,0.2868,benign
L93W,0.6274,pathogenic
L93Y,0.7373,pathogenic
T94A,0.1617,benign
T94C,0.7575,pathogenic
T94D,0.4942,ambiguous
T94E,0.3888,ambiguous
T94F,0.4045,ambiguous
T94G,0.404,ambiguous
T94H,0.3281,benign
T94I,0.3201,benign
T94K,0.3167,benign
T94L,0.2405,benign
T94M,0.2189,benign
T94N,0.2394,benign
T94P,0.393,ambiguous
T94Q,0.2971,benign
T94R,0.2245,benign
T94S,0.1842,benign
T94V,0.3152,benign
T94W,0.6948,pathogenic
T94Y,0.4348,ambiguous
I95A,0.7659,pathogenic
I95C,0.9343,pathogenic
I95D,0.9575,pathogenic
I95E,0.9462,pathogenic
I95F,0.4557,ambiguous
I95G,0.9311,pathogenic
I95H,0.903,pathogenic
I95K,0.8976,pathogenic
I95L,0.3386,benign
I95M,0.4088,ambiguous
I95N,0.7686,pathogenic
I95P,0.8979,pathogenic
I95Q,0.9014,pathogenic
I95R,0.7912,pathogenic
I95S,0.7369,pathogenic
I95T,0.8332,pathogenic
I95V,0.1977,benign
I95W,0.9291,pathogenic
I95Y,0.8119,pathogenic
S96A,0.1506,benign
S96C,0.3603,ambiguous
S96D,0.2969,benign
S96E,0.4806,ambiguous
S96F,0.3581,ambiguous
S96G,0.116,benign
S96H,0.2919,benign
S96I,0.2748,benign
S96K,0.6481,pathogenic
S96L,0.2779,benign
S96M,0.4432,ambiguous
S96N,0.1672,benign
S96P,0.3916,ambiguous
S96Q,0.4641,ambiguous
S96R,0.4266,ambiguous
S96T,0.1024,benign
S96V,0.3625,ambiguous
S96W,0.4287,ambiguous
S96Y,0.2849,benign
S97A,0.1152,benign
S97C,0.2563,benign
S97D,0.2281,benign
S97E,0.3509,ambiguous
S97F,0.3413,ambiguous
S97G,0.0883,benign
S97H,0.2122,benign
S97I,0.2301,benign
S97K,0.394,ambiguous
S97L,0.2266,benign
S97M,0.3573,ambiguous
S97N,0.1278,benign
S97P,0.2791,benign
S97Q,0.2944,benign
S97R,0.2273,benign
S97T,0.1191,benign
S97V,0.2596,benign
S97W,0.4023,ambiguous
S97Y,0.2493,benign
L98A,0.3056,benign
L98C,0.7554,pathogenic
L98D,0.913,pathogenic
L98E,0.6519,pathogenic
L98F,0.2999,benign
L98G,0.6463,pathogenic
L98H,0.7059,pathogenic
L98I,0.1463,benign
L98K,0.6193,pathogenic
L98M,0.1395,benign
L98N,0.7917,pathogenic
L98P,0.3323,benign
L98Q,0.4144,ambiguous
L98R,0.4214,ambiguous
L98S,0.5855,pathogenic
L98T,0.2776,benign
L98V,0.0902,benign
L98W,0.4758,ambiguous
L98Y,0.723,pathogenic
E99A,0.1937,benign
E99C,0.908,pathogenic
E99D,0.3396,benign
E99F,0.7355,pathogenic
E99G,0.2251,benign
E99H,0.4751,ambiguous
E99I,0.5042,ambiguous
E99K,0.21,benign
E99L,0.2849,benign
E99M,0.4922,ambiguous
E99N,0.4486,ambiguous
E99P,0.7567,pathogenic
E99Q,0.0941,benign
E99R,0.2436,benign
E99S,0.2965,benign
E99T,0.3617,ambiguous
E99V,0.2984,benign
E99W,0.8843,pathogenic
E99Y,0.6529,pathogenic
P100A,0.0776,benign
P100C,0.7431,pathogenic
P100D,0.2976,benign
P100E,0.223,benign
P100F,0.6171,pathogenic
P100G,0.2604,benign
P100H,0.2926,benign
P100I,0.3984,ambiguous
P100K,0.2779,benign
P100L,0.1686,benign
P100M,0.3779,ambiguous
P100N,0.3237,benign
P100Q,0.1983,benign
P100R,0.1674,benign
P100S,0.1325,benign
P100T,0.111,benign
P100V,0.2466,benign
P100W,0.599,pathogenic
P100Y,0.5208,ambiguous
E101A,0.1534,benign
E101C,0.9347,pathogenic
E101D,0.1363,benign
E101F,0.8669,pathogenic
E101G,0.1314,benign
E101H,0.5741,pathogenic
E101I,0.6454,pathogenic
E101K,0.1866,benign
E101L,0.5467,ambiguous
E101M,0.6784,pathogenic
E101N,0.3231,benign
E101P,0.5649,pathogenic
E101Q,0.1686,benign
E101R,0.2376,benign
E101S,0.2066,benign
E101T,0.273,benign
E101V,0.3936,ambiguous
E101W,0.8636,pathogenic
E101Y,0.7545,pathogenic
D102A,0.8008,pathogenic
D102C,0.9793,pathogenic
D102E,0.8779,pathogenic
D102F,0.9608,pathogenic
D102G,0.7599,pathogenic
D102H,0.8778,pathogenic
D102I,0.9301,pathogenic
D102K,0.9462,pathogenic
D102L,0.9401,pathogenic
D102M,0.9835,pathogenic
D102N,0.6743,pathogenic
D102P,0.9728,pathogenic
D102Q,0.9581,pathogenic
D102R,0.9279,pathogenic
D102S,0.8128,pathogenic
D102T,0.9095,pathogenic
D102V,0.8094,pathogenic
D102W,0.9874,pathogenic
D102Y,0.6443,pathogenic
F103A,0.1527,benign
F103C,0.3919,ambiguous
F103D,0.4133,ambiguous
F103E,0.4844,ambiguous
F103G,0.4008,ambiguous
F103H,0.4692,ambiguous
F103I,0.1356,benign
F103K,0.6207,pathogenic
F103L,0.6547,pathogenic
F103M,0.3644,ambiguous
F103N,0.3699,ambiguous
F103P,0.8311,pathogenic
F103Q,0.5439,ambiguous
F103R,0.4297,ambiguous
F103S,0.152,benign
F103T,0.1899,benign
F103V,0.1068,benign
F103W,0.4607,ambiguous
F103Y,0.1651,benign
A104C,0.7536,pathogenic
A104D,0.6718,pathogenic
A104E,0.7663,pathogenic
A104F,0.7489,pathogenic
A104G,0.1053,benign
A104H,0.8415,pathogenic
A104I,0.795,pathogenic
A104K,0.8747,pathogenic
A104L,0.5559,ambiguous
A104M,0.7603,pathogenic
A104N,0.7438,pathogenic
A104P,0.6002,pathogenic
A104Q,0.7544,pathogenic
A104R,0.6591,pathogenic
A104S,0.1918,benign
A104T,0.3396,benign
A104V,0.5005,ambiguous
A104W,0.915,pathogenic
A104Y,0.8083,pathogenic
V105A,0.1686,benign
V105C,0.7611,pathogenic
V105D,0.1119,benign
V105E,0.237,benign
V105F,0.1573,benign
V105G,0.2007,benign
V105H,0.3879,ambiguous
V105I,0.1082,benign
V105K,0.3896,ambiguous
V105L,0.1894,benign
V105M,0.2272,benign
V105N,0.1326,benign
V105P,0.5493,ambiguous
V105Q,0.2942,benign
V105R,0.2585,benign
V105S,0.1512,benign
V105T,0.1248,benign
V105W,0.6894,pathogenic
V105Y,0.367,ambiguous
Y106A,0.9004,pathogenic
Y106C,0.7383,pathogenic
Y106D,0.8428,pathogenic
Y106E,0.9679,pathogenic
Y106F,0.3344,benign
Y106G,0.8526,pathogenic
Y106H,0.8364,pathogenic
Y106I,0.8276,pathogenic
Y106K,0.9743,pathogenic
Y106L,0.7587,pathogenic
Y106M,0.9359,pathogenic
Y106N,0.7501,pathogenic
Y106P,0.923,pathogenic
Y106Q,0.9644,pathogenic
Y106R,0.9192,pathogenic
Y106S,0.7532,pathogenic
Y106T,0.8828,pathogenic
Y106V,0.7789,pathogenic
Y106W,0.6734,pathogenic
Y107A,0.6444,pathogenic
Y107C,0.3243,benign
Y107D,0.5773,pathogenic
Y107E,0.8228,pathogenic
Y107F,0.1162,benign
Y107G,0.6509,pathogenic
Y107H,0.2769,benign
Y107I,0.5694,pathogenic
Y107K,0.8374,pathogenic
Y107L,0.5428,ambiguous
Y107M,0.7855,pathogenic
Y107N,0.4496,ambiguous
Y107P,0.9256,pathogenic
Y107Q,0.7362,pathogenic
Y107R,0.6061,pathogenic
Y107S,0.3828,ambiguous
Y107T,0.5837,pathogenic
Y107V,0.4745,ambiguous
Y107W,0.4268,ambiguous
C108A,0.841,pathogenic
C108D,0.9555,pathogenic
C108E,0.9771,pathogenic
C108F,0.687,pathogenic
C108G,0.5825,pathogenic
C108H,0.9031,pathogenic
C108I,0.8929,pathogenic
C108K,0.9768,pathogenic
C108L,0.7592,pathogenic
C108M,0.9455,pathogenic
C108N,0.9371,pathogenic
C108P,0.9221,pathogenic
C108Q,0.9462,pathogenic
C108R,0.7921,pathogenic
C108S,0.8053,pathogenic
C108T,0.91,pathogenic
C108V,0.8555,pathogenic
C108W,0.8562,pathogenic
C108Y,0.779,pathogenic
Q109A,0.2961,benign
Q109C,0.7908,pathogenic
Q109D,0.715,pathogenic
Q109E,0.1385,benign
Q109F,0.606,pathogenic
Q109G,0.3376,benign
Q109H,0.4434,ambiguous
Q109I,0.4388,ambiguous
Q109K,0.2506,benign
Q109L,0.1394,benign
Q109M,0.3111,benign
Q109N,0.5251,ambiguous
Q109P,0.5684,pathogenic
Q109R,0.2145,benign
Q109S,0.3509,ambiguous
Q109T,0.391,ambiguous
Q109V,0.284,benign
Q109W,0.6355,pathogenic
Q109Y,0.5088,ambiguous
Q110A,0.2752,benign
Q110C,0.8983,pathogenic
Q110D,0.5664,pathogenic
Q110E,0.1297,benign
Q110F,0.7182,pathogenic
Q110G,0.312,benign
Q110H,0.436,ambiguous
Q110I,0.458,ambiguous
Q110K,0.2148,benign
Q110L,0.2141,benign
Q110M,0.4257,ambiguous
Q110N,0.3937,ambiguous
Q110P,0.2322,benign
Q110R,0.2364,benign
Q110S,0.2765,benign
Q110T,0.3117,benign
Q110V,0.3026,benign
Q110W,0.6349,pathogenic
Q110Y,0.5405,ambiguous
R111A,0.2638,benign
R111C,0.3448,ambiguous
R111D,0.26,benign
R111E,0.2228,benign
R111F,0.2851,benign
R111G,0.124,benign
R111H,0.1075,benign
R111I,0.2494,benign
R111K,0.1818,benign
R111L,0.2099,benign
R111M,0.3484,ambiguous
R111N,0.285,benign
R111P,0.4616,ambiguous
R111Q,0.1331,benign
R111S,0.2482,benign
R111T,0.2386,benign
R111V,0.2938,benign
R111W,0.1559,benign
R111Y,0.1182,benign
S112A,0.1091,benign
S112C,0.2977,benign
S112D,0.1327,benign
S112E,0.1936,benign
S112F,0.1764,benign
S112G,0.0791,benign
S112H,0.1576,benign
S112I,0.2176,benign
S112K,0.2464,benign
S112L,0.1994,benign
S112M,0.2804,benign
S112N,0.082,benign
S112P,0.2094,benign
S112Q,0.2124,benign
S112R,0.2053,benign
S112T,0.1094,benign
S112V,0.2217,benign
S112W,0.1508,benign
S112Y,0.0785,benign
N113A,0.1476,benign
N113C,0.4084,ambiguous
N113D,0.1016,benign
N113E,0.2348,benign
N113F,0.2641,benign
N113G,0.1603,benign
N113H,0.1205,benign
N113I,0.1811,benign
N113K,0.2472,benign
N113L,0.1854,benign
N113M,0.3694,ambiguous
N113P,0.2436,benign
N113Q,0.2376,benign
N113R,0.1838,benign
N113S,0.0668,benign
N113T,0.1213,benign
N113V,0.1785,benign
N113W,0.3904,ambiguous
N113Y,0.0981,benign
W114A,0.3011,benign
W114C,0.6491,pathogenic
W114D,0.3516,ambiguous
W114E,0.4677,ambiguous
W114F,0.1235,benign
W114G,0.1302,benign
W114H,0.3879,ambiguous
W114I,0.34,benign
W114K,0.552,ambiguous
W114L,0.2338,benign
W114M,0.5252,ambiguous
W114N,0.3454,ambiguous
W114P,0.4311,ambiguous
W114Q,0.4914,ambiguous
W114R,0.3785,ambiguous
W114S,0.1659,benign
W114T,0.2417,benign
W114V,0.3181,benign
W114Y,0.1487,benign
H115A,0.1803,benign
H115C,0.3624,ambiguous
H115D,0.1039,benign
H115E,0.1129,benign
H115F,0.1397,benign
H115G,0.1386,benign
H115I,0.2541,benign
H115K,0.1776,benign
H115L,0.1189,benign
H115M,0.3817,ambiguous
H115N,0.0461,benign
H115P,0.0785,benign
H115Q,0.099,benign
H115R,0.0759,benign
H115S,0.0848,benign
H115T,0.2061,benign
H115V,0.2177,benign
H115W,0.1789,benign
H115Y,0.0547,benign
